TEMP_ID,SEX,DEPARTMENT,TCAS ROUND,FIRST_GPA,SECOND_GPA,GPAX,COMP_PROG_REG_SEM,COMP_PROG_GRADE,COMP_PROG_ATMPT,EXPLORE_ENG_GRADE,EXPLORE_ENG_ATMPT,ENG_MATERIAL_GRADE,ENG_MATERIAL_ATMPT,GEN_CHEM_GRADE,GEN_CHEM_ATMPT,GEN_CHEMLAB_GRADE,GEN_CHEMLAB_ATMPT,ENG_DRAWING_GRADE,ENG_DRAWING_ATMPT
A001,F,ภาควิชาวิศวกรรมไฟฟ้า,TCAS3 Admissions,3.21,3.41,3.31,1,D+,1,A,1,B+,1,B,1,B,1,B+,1
A002,F,ภาควิชาวิศวกรรมเคมี,TCAS3 Admissions,2.50,2.59,2.54,1,C,1,A,1,C+,1,C+,1,C+,1,B,1
A003,M,ภาควิชาวิศวกรรมอุตสาหการ,TCAS3 Admissions,3.45,3.03,3.25,1,A,1,A,1,B,1,C+,1,C+,1,C+,1
A004,M,ไม่สังกัดภาควิชา/เทียบเท่า,TCAS3 Admissions,0.00,0.00,0.00,,,,,,,,,,,,,
A005,F,ภาควิชาวิศวกรรมคอมพิวเตอร์,TCAS3 Admissions,4.00,3.82,3.92,1,A,1,A,1,A,1,B+,1,A,1,A,1
A006,M,ภาควิชาวิศวกรรมไฟฟ้า,TCAS3 Admissions,3.53,3.47,3.50,1,A,1,A,1,A,1,B+,1,A,1,A,1
A007,M,ภาควิชาวิศวกรรมคอมพิวเตอร์,TCAS3 Admissions,4.00,3.74,3.88,1,A,1,A,1,A,1,B+,1,A,1,A,1
A008,M,ภาควิชาวิศวกรรมไฟฟ้า,TCAS3 Admissions,3.45,3.29,3.38,1,A,1,B+,1,B+,1,C+,1,A,1,B+,1
A009,M,ภาควิชาวิศวกรรมโยธา,TCAS3 Admissions,2.63,3.38,3.00,1,C,1,,,B,1,,,,,B,1
A010,M,ภาควิชาวิศวกรรมไฟฟ้า,TCAS3 Admissions,3.21,2.82,3.17,1,B,1,A,1,B,1,C+,1,B+,1,C+,1
A011,M,ภาควิชาวิศวกรรมเครื่องกล,TCAS3 Admissions,2.97,2.79,2.89,1,C,1,B+,1,B+,1,C+,1,B+,1,A,1
A012,M,ภาควิชาวิศวกรรมไฟฟ้า,TCAS3 Admissions,3.76,3.26,3.53,1,A,1,A,1,B,1,B,1,B+,1,B,1
A013,M,ภาควิชาวิศวกรรมโยธา,TCAS3 Admissions,2.13,2.15,2.23,1,D,1,A,1,C,1,C,1,B,1,B,1
A014,M,ภาควิชาวิศวกรรมคอมพิวเตอร์,TCAS3 Admissions,3.84,3.74,3.79,1,A,1,A,1,A,1,B+,1,A,1,A,1
A015,M,ภาควิชาวิศวกรรมไฟฟ้า,TCAS3 Admissions,3.53,3.53,3.53,1,A,1,A,1,B+,1,C+,1,B+,1,B+,1
A016,M,ภาควิชาวิศวกรรมโยธา,TCAS3 Admissions,2.97,2.56,2.78,1,B,1,B+,1,B+,1,B,1,A,1,D+,1
A017,M,ภาควิชาวิศวกรรมเครื่องกล,TCAS3 Admissions,3.13,2.62,2.89,1,A,1,A,1,B+,1,C+,1,B+,1,C+,1
A018,M,ภาควิชาวิศวกรรมไฟฟ้า,TCAS3 Admissions,3.84,3.53,3.70,1,A,1,A,1,B+,1,C+,1,B+,1,A,1
A019,M,ภาควิชาวิศวกรรมเครื่องกล,TCAS3 Admissions,3.29,3.29,3.29,1,C+,1,A,1,A,1,B+,1,A,1,A,1
A020,M,ภาควิชาวิศวกรรมอุตสาหการ,TCAS3 Admissions,3.39,3.24,3.32,1,B+,1,B,1,B+,1,C+,1,B+,1,B+,1
A021,M,ภาควิชาวิศวกรรมไฟฟ้า,TCAS3 Admissions,3.61,3.47,3.58,1,B,1,A,1,B,1,B,1,A,1,C+,1
A022,M,ภาควิชาวิศวกรรมอุตสาหการ,TCAS3 Admissions,3.76,3.44,3.61,1,A,1,A,1,B+,1,A,1,B+,1,A,1
A023,M,ภาควิชาวิศวกรรมอุตสาหการ,TCAS3 Admissions,3.34,3.18,3.26,1,B+,1,A,1,B,1,C+,1,B+,1,B+,1
A024,M,ภาควิชาวิศวกรรมโลหการ,TCAS3 Admissions,2.77,1.79,2.30,1,D,2,A,1,C,1,F,1,B,1,B,1
A025,M,ภาควิชาวิศวกรรมโยธา,TCAS3 Admissions,2.50,2.35,2.36,1,C+,2,A,1,C+,1,C,1,B+,1,B+,1
A026,M,ภาควิชาวิศวกรรมเครื่องกล,TCAS3 Admissions,3.61,3.29,3.46,1,B+,1,A,1,A,1,B,1,A,1,A,1
A027,M,ภาควิชาวิศวกรรมไฟฟ้า,TCAS3 Admissions,3.00,2.53,2.78,1,B+,1,B+,1,C,1,D,1,B,1,C,1
A028,M,ภาควิชาวิศวกรรมอุตสาหการ,TCAS3 Admissions,3.45,3.74,3.58,1,B+,1,A,1,B,1,B,1,A,1,A,1
A029,M,ภาควิชาวิศวกรรมเครื่องกล,TCAS3 Admissions,2.87,2.71,2.88,1,D,1,B+,1,B,1,C+,1,B,1,C,1
A030,M,ภาควิชาวิศวกรรมไฟฟ้า,TCAS3 Admissions,3.29,2.94,3.13,1,C,1,B+,1,B+,1,C+,1,B,1,C,1
A031,M,ภาควิชาวิศวกรรมโยธา,TCAS3 Admissions,3.05,2.79,2.93,1,A,1,C+,1,C+,1,C+,1,B+,1,B+,1
A032,F,ภาควิชาวิศวกรรมสิ่งแวดล้อม,TCAS3 Admissions,2.95,3.12,3.13,1,C,1,A,1,C+,1,B,1,B,1,B,1
A033,M,ไม่สังกัดภาควิชา/เทียบเท่า,TCAS3 Admissions,0.00,,,1,,1,,1,,1,,,,,,
A034,M,ภาควิชาวิศวกรรมโยธา,TCAS3 Admissions,2.95,2.44,2.71,1,C,1,A,1,B,1,C,1,B+,1,B,1
A035,M,ภาควิชาวิศวกรรมเครื่องกล,TCAS3 Admissions,2.74,2.59,2.67,1,C+,1,A,1,C+,1,C+,1,B,1,A,1
A036,M,ภาควิชาวิศวกรรมเครื่องกล,TCAS3 Admissions,3.61,3.35,3.49,1,A,1,A,1,A,1,B,1,B+,1,A,1
A037,M,ภาควิชาวิศวกรรมอุตสาหการ,TCAS3 Admissions,3.37,3.29,3.33,1,B,1,A,1,B+,1,B,1,A,1,B+,1
A038,M,ภาควิชาวิศวกรรมเครื่องกล,TCAS3 Admissions,2.03,2.26,2.38,1,D,1,A,1,D+,1,C,1,C+,1,B,1
A039,M,ภาควิชาวิศวกรรมเครื่องกล,TCAS3 Admissions,3.05,2.47,2.78,1,B+,1,A,1,C+,1,D+,1,B+,1,B,1
A040,F,ภาควิชาวิศวกรรมคอมพิวเตอร์,TCAS3 Admissions,3.92,3.65,3.79,1,A,1,A,1,A,1,A,1,A,1,A,1
A041,M,ภาควิชาวิศวกรรมโยธา,TCAS3 Admissions,3.11,2.88,3.00,1,C+,1,A,1,B,1,C+,1,B+,1,C+,1
A042,M,ภาควิชาวิศวกรรมโยธา,TCAS3 Admissions,3.19,2.38,2.64,1,C,2,A,1,C,2,B,1,A,1,D,1
A043,M,ภาควิชาวิศวกรรมโยธา,TCAS3 Admissions,2.76,1.71,2.26,1,C+,1,A,1,C+,1,D,1,C+,1,D,1
A044,M,ภาควิชาวิศวกรรมไฟฟ้า,TCAS3 Admissions,3.26,2.71,3.00,1,B+,1,A,1,B,1,C+,1,B,1,C+,1
A045,F,ภาควิชาวิศวกรรมไฟฟ้า,TCAS3 Admissions,2.89,3.38,3.18,1,B+,1,A,1,B,1,B+,1,B+,1,A,1
A046,M,ภาควิชาวิศวกรรมโยธา,TCAS3 Admissions,2.32,2.03,2.21,1,D+,1,A,1,C,1,C+,1,B,1,D+,1
A047,M,ภาควิชาวิศวกรรมไฟฟ้า,TCAS3 Admissions,3.21,2.82,3.03,1,B,1,A,1,A,1,C+,1,B,1,B,1
A048,M,ภาควิชาวิศวกรรมคอมพิวเตอร์,TCAS3 Admissions,3.92,3.59,3.76,1,A,1,A,1,B+,1,A,1,B,1,A,1
A049,M,ภาควิชาวิศวกรรมอุตสาหการ,TCAS3 Admissions,3.53,3.53,3.53,1,B+,1,A,1,A,1,B,1,B+,1,A,1
A050,M,ภาควิชาวิศวกรรมโยธา,TCAS3 Admissions,2.59,1.97,2.17,1,D,2,A,1,C+,1,C,1,B,1,D+,1
A051,M,ภาควิชาวิศวกรรมไฟฟ้า,TCAS3 Admissions,2.97,2.56,2.78,1,C,1,A,1,B,1,B,1,B+,1,D,1
A052,M,ภาควิชาวิศวกรรมโยธา,TCAS3 Admissions,2.26,2.12,2.33,1,C,1,A,1,D+,1,D+,1,C,1,C+,1
A053,M,ภาควิชาวิศวกรรมไฟฟ้า,TCAS3 Admissions,3.24,3.12,3.18,1,D+,1,A,1,B,1,C+,1,B+,1,C+,1
A054,M,ภาควิชาวิศวกรรมเครื่องกล,TCAS3 Admissions,3.09,2.24,2.71,1,A,1,A,1,B,1,C,1,C,1,C,1
A055,M,ภาควิชาวิศวกรรมโยธา,TCAS3 Admissions,2.61,2.15,2.39,1,C,1,A,1,C+,1,C,1,B,1,D+,1
A056,M,ภาควิชาวิศวกรรมเครื่องกล,TCAS3 Admissions,2.82,2.88,3.01,1,D+,1,A,1,B+,1,B,1,B,1,A,1
A057,F,ภาควิชาวิศวกรรมอุตสาหการ,TCAS3 Admissions,3.61,3.53,3.57,1,A,1,A,1,B+,1,B+,1,B+,1,A,1
A058,M,ภาควิชาวิศวกรรมเหมืองแร่และปิโตรเลียม,TCAS3 Admissions,3.18,2.44,2.83,1,B,1,A,1,B,1,C,1,B+,1,D,1
A059,M,ไม่สังกัดภาควิชา/เทียบเท่า,TCAS3 Admissions,1.38,0.00,0.00,1,W,1,B,1,F,1,M,1,F,1,M,1
A060,M,ภาควิชาวิศวกรรมเครื่องกล,TCAS3 Admissions,3.29,2.85,3.08,1,C+,1,A,1,B+,1,B,1,A,1,B+,1
A061,M,ภาควิชาวิศวกรรมอุตสาหการ,TCAS3 Admissions,3.37,3.29,3.33,1,B+,1,A,1,B+,1,B,1,A,1,B,1
A062,F,ภาควิชาวิศวกรรมไฟฟ้า,TCAS3 Admissions,2.97,2.97,2.97,1,C,1,A,1,B,1,B,1,B+,1,C+,1
A063,M,ภาควิชาวิศวกรรมไฟฟ้า,TCAS3 Admissions,2.89,2.59,2.75,1,C+,1,A,1,B,1,C,1,B,1,D,1
A064,M,ภาควิชาวิศวกรรมเครื่องกล,TCAS3 Admissions,2.10,1.88,1.98,1,D+,1,,,C,1,D+,1,B,1,D+,1
A065,M,ภาควิชาวิศวกรรมไฟฟ้า,TCAS3 Admissions,2.95,2.82,2.89,1,C+,1,A,1,C+,1,C,1,B,1,B+,1
A066,M,ภาควิชาวิศวกรรมโยธา,TCAS3 Admissions,2.79,2.53,2.67,1,C+,1,A,1,B,1,C,1,B+,1,C+,1
A067,M,ภาควิชาวิศวกรรมเครื่องกล,TCAS3 Admissions,3.13,2.50,3.00,1,D+,1,A,1,B,1,C+,1,B,1,C,1
A068,F,ภาควิชาวิศวกรรมไฟฟ้า,TCAS3 Admissions,3.21,2.94,3.08,1,C,1,A,1,B,1,C+,1,A,1,C+,1
A069,M,ภาควิชาวิศวกรรมคอมพิวเตอร์,TCAS3 Admissions,3.53,3.24,3.39,1,A,1,A,1,B+,1,B,1,B+,1,A,1
A070,M,ภาควิชาวิศวกรรมอุตสาหการ,TCAS3 Admissions,3.76,3.82,3.79,1,A,1,A,1,A,1,A,1,A,1,A,1
A071,M,ภาควิชาวิศวกรรมเครื่องกล,TCAS3 Admissions,2.39,1.94,2.15,1,C,1,A,1,D,1,C,1,A,1,C,1
A072,M,ภาควิชาวิศวกรรมโยธา,TCAS3 Admissions,2.58,2.32,2.64,1,D,1,A,1,C,1,D+,1,B,1,C,1
A073,M,ภาควิชาวิศวกรรมคอมพิวเตอร์,TCAS3 Admissions,3.92,3.76,3.85,1,A,1,A,1,B+,1,B+,1,B+,1,A,1
A074,M,ภาควิชาวิศวกรรมเครื่องกล,TCAS3 Admissions,2.71,2.15,2.44,1,C,1,A,1,C+,1,C,1,B,1,B,1
A075,M,ภาควิชาวิศวกรรมอุตสาหการ,TCAS3 Admissions,3.21,3.29,3.25,1,A,1,B,1,A,1,C+,1,A,1,B+,1
A076,F,ภาควิชาวิศวกรรมอุตสาหการ,TCAS3 Admissions,3.29,2.88,3.10,1,A,1,A,1,B,1,C+,1,B,1,B+,1
A077,F,ภาควิชาวิศวกรรมเครื่องกล,TCAS3 Admissions,3.21,3.32,3.26,1,C,1,A,1,B+,1,C+,1,B,1,A,1
A078,M,ภาควิชาวิศวกรรมไฟฟ้า,TCAS3 Admissions,3.44,2.91,3.18,1,C+,2,A,1,B,1,C+,1,B+,1,C+,1
A079,M,ภาควิชาวิศวกรรมไฟฟ้า,TCAS3 Admissions,3.72,2.85,3.27,1,W,1,A,1,B,1,B,1,B,1,D,1
A080,M,ภาควิชาวิศวกรรมอุตสาหการ,TCAS3 Admissions,3.18,3.26,3.22,1,A,1,A,1,B,1,B,1,B+,1,A,1
A081,M,ภาควิชาวิศวกรรมอุตสาหการ,TCAS3 Admissions,3.37,3.44,3.40,1,A,1,A,1,C,1,C+,1,B+,1,B,1
A082,M,ภาควิชาวิศวกรรมอุตสาหการ,TCAS3 Admissions,3.76,3.71,3.74,1,B+,1,A,1,A,1,B+,1,B+,1,A,1
A083,M,ภาควิชาวิศวกรรมเคมี,TCAS3 Admissions,2.66,2.35,2.51,1,A,1,D,1,C+,1,D+,1,C+,1,B,1
A084,M,ภาควิชาวิศวกรรมสิ่งแวดล้อม,TCAS3 Admissions,2.78,2.00,2.51,1,W,2,B+,1,C,1,D+,1,C+,1,D+,1
A085,M,ภาควิชาวิศวกรรมอุตสาหการ,TCAS3 Admissions,3.58,3.41,3.50,1,B+,1,A,1,A,1,B,1,B+,1,A,1
A086,M,ภาควิชาวิศวกรรมโยธา,TCAS3 Admissions,2.34,2.12,2.46,1,B,1,B,1,C,1,C,1,B+,1,C+,1
A087,M,ภาควิชาวิศวกรรมนิวเคลียร์,TCAS3 Admissions,2.09,1.75,1.90,1,C,1,A,1,B,2,D,1,C+,1,C,1
A088,M,ภาควิชาวิศวกรรมเครื่องกล,TCAS3 Admissions,3.18,2.62,3.07,1,B+,1,A,1,B+,1,C+,1,C+,1,B+,1
A089,M,ภาควิชาวิศวกรรมไฟฟ้า,TCAS3 Admissions,3.53,3.53,3.53,1,B,1,A,1,B+,1,B,1,B+,1,A,1
A090,M,ภาควิชาวิศวกรรมโยธา,TCAS3 Admissions,3.13,2.62,2.89,1,C+,1,A,1,B+,1,C+,1,B,1,B,1
A091,M,ภาควิชาวิศวกรรมสำรวจ,TCAS3 Admissions,1.15,2.44,2.23,1,W,1,B+,2,D,1,W,1,D+,1,,
A092,M,ภาควิชาวิศวกรรมโยธา,TCAS3 Admissions,2.63,2.03,2.35,1,C+,1,A,1,C,1,C,1,B,1,C,1
A093,F,ภาควิชาวิศวกรรมโยธา,TCAS3 Admissions,2.06,2.77,2.38,1,D,2,A,1,D,1,C+,1,B,1,C,1
A094,F,ภาควิชาวิศวกรรมโยธา,TCAS3 Admissions,2.21,2.46,2.32,1,D,1,A,1,C,1,C,1,B+,1,D,1
A095,F,ภาควิชาวิศวกรรมอุตสาหการ,TCAS3 Admissions,3.29,3.35,3.37,1,B+,1,A,1,B+,1,B,1,B+,1,B,1
A096,M,ภาควิชาวิศวกรรมเครื่องกล,TCAS3 Admissions,2.87,3.03,3.10,1,D+,1,A,1,D+,1,D+,1,C,1,A,1
A097,M,ภาควิชาวิศวกรรมไฟฟ้า,TCAS3 Admissions,3.61,3.56,3.58,1,A,1,A,1,C+,1,B+,1,A,1,B,1
A098,M,ภาควิชาวิศวกรรมสิ่งแวดล้อม,TCAS3 Admissions,2.21,2.24,2.37,1,C,1,A,1,D+,1,C,1,B,1,C+,1
A099,M,ภาควิชาวิศวกรรมสำรวจ,TCAS3 Admissions,2.13,1.96,2.18,1,B+,1,C+,1,D+,1,D,1,C+,1,B+,1
A100,M,ภาควิชาวิศวกรรมเคมี,TCAS3 Admissions,2.47,1.86,2.21,1,D+,1,A,1,C,1,D,1,C,1,D+,1
A101,F,ภาควิชาวิศวกรรมอุตสาหการ,TCAS3 Admissions,3.18,3.21,3.19,1,B,1,A,1,B+,1,B,1,A,1,B+,1
A102,M,ภาควิชาวิศวกรรมไฟฟ้า,TCAS3 Admissions,3.92,3.74,3.83,1,A,1,A,1,B+,1,A,1,A,1,C+,1
A103,M,ภาควิชาวิศวกรรมอุตสาหการ,TCAS3 Admissions,3.68,3.62,3.65,1,B+,1,A,1,A,1,B+,1,B+,1,B,1
A104,M,ภาควิชาวิศวกรรมไฟฟ้า,TCAS3 Admissions,3.53,3.68,3.60,1,C,1,B+,1,B+,1,B,1,B,1,A,1
A105,M,ภาควิชาวิศวกรรมโลหการ,TCAS3 Admissions,1.97,1.62,1.94,1,W,1,D+,1,C,1,C+,1,B,1,F,1
A106,M,ภาควิชาวิศวกรรมอุตสาหการ,TCAS3 Admissions,3.92,3.91,3.92,1,B+,1,A,1,A,1,A,1,A,1,B+,1
A107,M,ภาควิชาวิศวกรรมโยธา,TCAS3 Admissions,3.16,2.74,2.94,1,W,1,A,1,B,1,C+,1,B+,1,D,1
A108,F,ภาควิชาวิศวกรรมเคมี,TCAS3 Admissions,2.66,2.50,2.58,1,C,1,A,1,C+,1,C+,1,B,1,C,1
A109,M,ภาควิชาวิศวกรรมคอมพิวเตอร์,TCAS3 Admissions,3.68,3.91,3.79,1,A,1,A,1,B+,1,A,1,A,1,B+,1
A110,M,ภาควิชาวิศวกรรมคอมพิวเตอร์,TCAS3 Admissions,3.68,3.74,3.71,1,A,1,A,1,B+,1,A,1,A,1,A,1
A111,M,ภาควิชาวิศวกรรมเครื่องกล,TCAS3 Admissions,3.00,2.68,2.85,1,C,1,A,1,C+,1,C,1,B,1,C+,1
A112,M,ภาควิชาวิศวกรรมไฟฟ้า,TCAS3 Admissions,3.34,3.18,3.26,1,B,1,A,1,B+,1,C+,1,B+,1,C,1
A113,M,ภาควิชาวิศวกรรมเครื่องกล,TCAS3 Admissions,3.26,2.24,2.78,1,B,1,A,1,C+,1,D+,1,C,1,C,1
A114,M,ภาควิชาวิศวกรรมไฟฟ้า,TCAS3 Admissions,3.45,3.53,3.49,1,A,1,B,1,B+,1,C+,1,A,1,A,1
A115,M,ภาควิชาวิศวกรรมเครื่องกล,TCAS3 Admissions,3.84,4.00,3.93,1,A,1,A,1,A,1,A,1,A,1,A,1
A116,M,ภาควิชาวิศวกรรมสำรวจ,TCAS3 Admissions,1.79,2.11,2.10,1,D+,1,B+,1,D+,1,F,1,B,1,B,1
A117,F,ภาควิชาวิศวกรรมเคมี,TCAS3 Admissions,2.58,2.12,2.36,1,D,1,A,1,C,1,D,1,B+,1,D,1
A118,M,ภาควิชาวิศวกรรมอุตสาหการ,TCAS3 Admissions,3.53,3.82,3.67,1,D+,1,A,1,B+,1,B+,1,A,1,A,1
A119,M,ภาควิชาวิศวกรรมเครื่องกล,TCAS3 Admissions,2.13,2.09,2.14,1,F,1,A,1,C+,1,D+,1,B+,1,D,1
A120,F,ภาควิชาวิศวกรรมไฟฟ้า,TCAS3 Admissions,2.92,2.65,2.79,1,B+,1,B,1,B+,1,C+,1,B,1,B,1
A121,M,ภาควิชาวิศวกรรมโลหการ,TCAS3 Admissions,1.27,2.21,1.75,1,D,2,D+,1,C+,1,C,1,C+,1,A,1
A122,M,ภาควิชาวิศวกรรมเครื่องกล,TCAS3 Admissions,3.05,2.47,2.78,1,B,1,B+,1,B,1,C,1,C+,1,C+,1
A123,M,ภาควิชาวิศวกรรมเคมี,TCAS3 Admissions,2.08,2.03,2.06,1,D,1,B+,1,C,1,D+,1,B,1,C,1
A124,M,ภาควิชาวิศวกรรมคอมพิวเตอร์,TCAS3 Admissions,3.76,3.82,3.79,1,A,1,A,1,A,1,B+,1,A,1,B+,1
A125,M,ภาควิชาวิศวกรรมโยธา,TCAS3 Admissions,2.84,2.50,2.67,1,W,1,C+,1,B,1,C+,1,B,1,C,1
A126,M,ภาควิชาวิศวกรรมเคมี,TCAS3 Admissions,3.38,2.38,2.82,1,W,1,A,1,B,1,C+,1,B+,1,D,1
A127,M,ภาควิชาวิศวกรรมเครื่องกล,TCAS3 Admissions,2.66,2.74,2.69,1,C+,1,A,1,C,1,B,1,B+,1,B,1
A128,M,ภาควิชาวิศวกรรมเครื่องกล,TCAS3 Admissions,3.29,2.85,3.08,1,B,1,A,1,B+,1,B,1,A,1,D+,1
A129,M,ภาควิชาวิศวกรรมโยธา,TCAS3 Admissions,2.05,2.56,2.29,1,D,1,D+,1,C,1,D+,1,C+,1,B,1
A130,M,ภาควิชาวิศวกรรมเครื่องกล,TCAS3 Admissions,2.32,2.47,2.39,1,D,1,A,1,D+,1,C,1,B,1,B,1
A131,M,ภาควิชาวิศวกรรมอุตสาหการ,TCAS3 Admissions,3.68,3.44,3.57,1,A,1,A,1,A,1,B+,1,B+,1,A,1
A132,F,ภาควิชาวิศวกรรมเคมี,TCAS3 Admissions,2.24,1.94,2.19,1,D,1,A,1,C,1,D+,1,B,1,D+,1
A133,F,ภาควิชาวิศวกรรมสิ่งแวดล้อม,TCAS3 Admissions,3.13,2.82,2.99,1,B,1,A,1,C+,1,C+,1,A,1,C,1
A134,M,ภาควิชาวิศวกรรมโยธา,TCAS3 Admissions,3.00,0.00,2.84,1,A,1,A,1,C,1,W,1,W,1,W,1
A135,M,ภาควิชาวิศวกรรมไฟฟ้า,TCAS3 Admissions,3.68,2.94,3.39,1,A,1,B+,1,B,1,C+,1,B+,1,C,1
A136,F,ภาควิชาวิศวกรรมไฟฟ้า,TCAS3 Admissions,3.05,3.00,3.03,1,C,1,A,1,B+,1,B,1,B+,1,C+,1
A137,M,ภาควิชาวิศวกรรมคอมพิวเตอร์,TCAS3 Admissions,3.63,3.56,3.60,1,A,1,A,1,B,1,B+,1,B,1,B,1
A138,M,ภาควิชาวิศวกรรมเครื่องกล,TCAS3 Admissions,2.47,1.74,2.13,1,D,1,A,1,C+,1,D+,1,C+,1,D,1
A139,M,ภาควิชาวิศวกรรมโลหการ,TCAS3 Admissions,1.75,1.57,1.67,1,W,1,B+,1,D+,1,C,1,C,1,D,1
A140,M,ภาควิชาวิศวกรรมสิ่งแวดล้อม,TCAS3 Admissions,2.00,2.21,2.26,1,D,1,A,1,D,1,D+,1,B,1,C+,1
A141,M,ภาควิชาวิศวกรรมเครื่องกล,TCAS3 Admissions,2.68,2.15,2.43,1,C+,1,A,1,C,1,C,1,B,1,C,1
A142,M,ไม่สังกัดภาควิชา/เทียบเท่า,TCAS3 Admissions,0.00,,,1,,1,,1,,1,,,,,,
A143,M,ภาควิชาวิศวกรรมเครื่องกล,TCAS3 Admissions,3.76,3.47,3.64,1,A,1,A,1,B,1,B,1,A,1,B,1
A144,M,ภาควิชาวิศวกรรมไฟฟ้า,TCAS3 Admissions,2.50,2.90,2.82,1,C+,2,B+,2,C+,1,B+,1,B+,1,C,1
A145,M,ภาควิชาวิศวกรรมไฟฟ้า,TCAS3 Admissions,3.76,3.53,3.70,1,A,1,A,1,A,1,B+,1,B+,1,C+,1
A146,F,ภาควิชาวิศวกรรมเครื่องกล,TCAS3 Admissions,3.21,2.91,3.20,1,B,1,A,1,B+,1,B,1,B+,1,D,1
A147,M,ภาควิชาวิศวกรรมสิ่งแวดล้อม,TCAS3 Admissions,2.89,2.09,2.63,1,B,1,A,1,B,1,D,1,B,1,B+,1
A148,M,ภาควิชาวิศวกรรมอุตสาหการ,TCAS3 Admissions,3.24,2.82,3.11,1,B,1,A,1,B+,1,C+,1,C+,1,B,1
A149,M,ภาควิชาวิศวกรรมโยธา,TCAS3 Admissions,2.79,2.61,2.71,1,D+,1,A,1,C,1,B,1,B,1,D+,1
A150,M,ภาควิชาวิศวกรรมอุตสาหการ,TCAS3 Admissions,3.37,3.26,3.38,1,C,1,A,1,B+,1,B,1,B,1,C+,1
A151,M,ภาควิชาวิศวกรรมโลหการ,TCAS3 Admissions,2.13,1.91,2.03,1,F,1,B+,1,C,1,D,1,B,1,C,1
A152,M,ไม่สังกัดภาควิชา/เทียบเท่า,TCAS3 Admissions,2.76,0.00,2.76,1,C,1,B+,1,C,1,,,,,,
A153,M,ภาควิชาวิศวกรรมโยธา,TCAS3 Admissions,2.87,2.11,2.55,1,C+,1,A,1,C+,1,C,1,C,1,W,1
A154,M,ภาควิชาวิศวกรรมเครื่องกล,TCAS3 Admissions,3.19,2.62,2.87,1,A,1,A,1,C+,2,C+,1,B+,1,B+,1
A155,M,ไม่สังกัดภาควิชา/เทียบเท่า,TCAS3 Admissions,2.00,0.50,1.29,1,B,1,B+,1,D,1,F,1,D+,1,F,1
A156,M,ไม่สังกัดภาควิชา/เทียบเท่า,TCAS3 Admissions,2.13,0.00,0.00,1,C,1,A,1,C,1,M,1,F,1,M,1
A157,M,ภาควิชาวิศวกรรมไฟฟ้า,TCAS3 Admissions,3.58,2.82,3.33,1,A,1,A,1,C+,1,C+,1,B,1,C,1
A158,M,ภาควิชาวิศวกรรมไฟฟ้า,TCAS3 Admissions,3.53,3.38,3.46,1,A,1,A,1,B,1,C+,1,B,1,A,1
A159,M,ภาควิชาวิศวกรรมไฟฟ้า,TCAS3 Admissions,3.29,2.94,3.13,1,B,1,A,1,C+,1,C+,1,B+,1,C,1
A160,M,ภาควิชาวิศวกรรมเครื่องกล,TCAS3 Admissions,3.76,3.38,3.58,1,A,1,A,1,A,1,B,1,A,1,A,1
A161,M,ภาควิชาวิศวกรรมโยธา,TCAS3 Admissions,2.89,2.18,2.56,1,D+,1,A,1,C+,1,D+,1,B+,1,D+,1
A162,M,ภาควิชาวิศวกรรมเครื่องกล,TCAS3 Admissions,3.37,3.41,3.39,1,B+,1,A,1,B,1,B+,1,B+,1,B+,1
A163,M,ภาควิชาวิศวกรรมโยธา,TCAS3 Admissions,3.21,3.00,3.11,1,A,1,A,1,B,1,B,1,B+,1,B,1
A164,M,ไม่สังกัดภาควิชา/เทียบเท่า,TCAS3 Admissions,0.00,0.00,,1,M,1,B+,1,M,1,,,,,,
A165,M,ภาควิชาวิศวกรรมไฟฟ้า,TCAS3 Admissions,3.13,2.91,3.03,1,B+,1,A,1,C+,1,C+,1,B+,1,A,1
A166,M,ภาควิชาวิศวกรรมอุตสาหการ,TCAS3 Admissions,3.92,3.82,3.88,1,A,1,A,1,A,1,A,1,A,1,A,1
A167,M,ภาควิชาวิศวกรรมไฟฟ้า,TCAS3 Admissions,2.95,2.62,2.79,1,B+,1,A,1,C,1,D+,1,B,1,B+,1
A168,M,ภาควิชาวิศวกรรมเคมี,TCAS3 Admissions,2.16,1.56,1.88,1,C+,1,A,1,D+,1,D,1,C+,1,D,1
A169,M,ภาควิชาวิศวกรรมอุตสาหการ,TCAS3 Admissions,3.29,3.29,3.29,1,A,1,A,1,B+,1,B+,1,B+,1,B,1
A170,F,ภาควิชาวิศวกรรมไฟฟ้า,TCAS3 Admissions,3.68,3.44,3.57,1,A,1,A,1,B+,1,B+,1,B+,1,B+,1
A171,M,ภาควิชาวิศวกรรมโยธา,TCAS3 Admissions,2.66,2.26,2.47,1,D,1,B+,1,C+,1,C+,1,B,1,D,1
A172,M,ภาควิชาวิศวกรรมเครื่องกล,TCAS3 Admissions,2.66,2.73,2.69,1,C+,1,A,1,D+,1,B,1,A,1,C,1
A173,M,ภาควิชาวิศวกรรมไฟฟ้า,TCAS3 Admissions,3.34,3.26,3.31,1,A,1,A,1,C+,1,B,1,B+,1,B+,1
A174,M,ภาควิชาวิศวกรรมอุตสาหการ,TCAS3 Admissions,3.84,3.65,3.75,1,A,1,A,1,B,1,A,1,A,1,B,1
A175,M,ภาควิชาวิศวกรรมอุตสาหการ,TCAS3 Admissions,3.37,3.47,3.50,1,B+,1,A,1,B,1,B,1,A,1,B+,1
A176,M,ภาควิชาวิศวกรรมไฟฟ้า,TCAS3 Admissions,3.21,2.91,3.07,1,C+,1,A,1,C+,1,C+,1,B+,1,C,1
A177,M,ภาควิชาวิศวกรรมคอมพิวเตอร์,TCAS3 Admissions,3.53,3.26,3.40,1,A,1,A,1,B,1,B+,1,B+,1,B,1
A178,M,ภาควิชาวิศวกรรมคอมพิวเตอร์,TCAS3 Admissions,3.76,3.82,3.79,1,A,1,A,1,B+,1,A,1,A,1,A,1
A179,M,ภาควิชาวิศวกรรมเครื่องกล,TCAS3 Admissions,2.97,2.26,2.64,1,B+,1,A,1,C,1,D+,1,B,1,C+,1
A180,M,ภาควิชาวิศวกรรมโยธา,TCAS3 Admissions,2.82,2.47,2.65,1,B,1,A,1,B,1,C+,1,B+,1,C+,1
A181,M,ภาควิชาวิศวกรรมเคมี,TCAS3 Admissions,2.47,1.63,2.00,1,W,1,A,1,C,2,C,1,B+,1,F,1
A182,M,ภาควิชาวิศวกรรมเคมี,TCAS3 Admissions,2.16,2.00,2.21,1,D,1,A,1,D+,1,C,1,B+,1,D+,1
A183,M,ภาควิชาวิศวกรรมไฟฟ้า,TCAS3 Admissions,3.34,2.85,3.11,1,B+,1,A,1,B+,1,C+,1,B,1,C,1
A184,F,ภาควิชาวิศวกรรมโยธา,TCAS3 Admissions,2.16,2.09,2.13,1,D,1,A,1,D+,1,D+,1,B+,1,D,1
A185,M,ภาควิชาวิศวกรรมเครื่องกล,TCAS3 Admissions,2.87,2.62,2.89,1,C,1,A,1,C+,1,B,1,B,1,C,1
A186,F,ภาควิชาวิศวกรรมอุตสาหการ,TCAS3 Admissions,3.21,3.18,3.19,1,B+,1,A,1,B,1,B,1,B+,1,B,1
A187,F,ภาควิชาวิศวกรรมไฟฟ้า,TCAS3 Admissions,3.37,3.29,3.33,1,B+,1,A,1,B+,1,B,1,A,1,B,1
A188,M,ภาควิชาวิศวกรรมไฟฟ้า,TCAS3 Admissions,3.84,3.82,3.83,1,A,1,A,1,B+,1,B+,1,A,1,A,1
A189,M,ภาควิชาวิศวกรรมเครื่องกล,TCAS3 Admissions,3.50,3.29,3.40,1,B+,1,A,1,B+,1,B,1,B+,1,A,1
A190,M,ภาควิชาวิศวกรรมอุตสาหการ,TCAS3 Admissions,3.26,2.82,3.06,1,D+,1,A,1,A,1,B,1,B+,1,D+,1
A191,M,ภาควิชาวิศวกรรมคอมพิวเตอร์,TCAS3 Admissions,3.84,3.62,3.77,1,A,1,A,1,B+,1,A,1,B+,1,B,1
A192,M,ภาควิชาวิศวกรรมเครื่องกล,TCAS3 Admissions,2.87,2.91,2.89,1,C+,1,A,1,B,1,C+,1,B,1,B+,1
A193,M,ภาควิชาวิศวกรรมเครื่องกล,TCAS3 Admissions,2.74,2.82,2.78,1,C,1,B+,1,B,1,C+,1,B+,1,C+,1
A194,M,ภาควิชาวิศวกรรมคอมพิวเตอร์,TCAS3 Admissions,3.61,3.74,3.67,1,A,1,A,1,B,1,B+,1,A,1,B+,1
A195,M,ภาควิชาวิศวกรรมไฟฟ้า,TCAS3 Admissions,3.50,3.29,3.40,1,B+,1,A,1,B+,1,B,1,A,1,B,1
A196,M,ภาควิชาวิศวกรรมอุตสาหการ,TCAS3 Admissions,3.29,3.15,3.28,1,A,1,B+,1,C+,1,B,1,B+,1,A,1
A197,M,ภาควิชาวิศวกรรมไฟฟ้า,TCAS3 Admissions,3.13,2.94,3.12,1,B+,1,A,1,C+,1,C+,1,A,1,B,1
A198,M,ภาควิชาวิศวกรรมไฟฟ้า,TCAS3 Admissions,3.11,3.03,3.07,1,D+,1,B,1,B+,1,C,1,C+,1,B+,1
A199,M,ภาควิชาวิศวกรรมไฟฟ้า,TCAS3 Admissions,3.92,3.91,3.92,1,A,1,A,1,B+,1,A,1,A,1,A,1
A200,M,ภาควิชาวิศวกรรมเครื่องกล,TCAS3 Admissions,2.97,2.59,2.79,1,B+,1,B+,1,D+,1,D+,1,B+,1,B+,1
A201,M,ภาควิชาวิศวกรรมโลหการ,TCAS3 Admissions,2.03,1.62,1.82,1,W,1,B,1,D,1,D,1,B,1,D,1
A202,M,ภาควิชาวิศวกรรมเหมืองแร่และปิโตรเลียม,TCAS3 Admissions,3.53,3.03,3.29,1,A,1,A,1,B+,1,B,1,B+,1,C+,1
A203,F,ภาควิชาวิศวกรรมอุตสาหการ,TCAS3 Admissions,3.26,3.18,3.22,1,B,1,A,1,B+,1,C+,1,B+,1,B+,1
A204,M,ภาควิชาวิศวกรรมเหมืองแร่และปิโตรเลียม,TCAS3 Admissions,1.74,1.50,2.09,2,W,1,W,1,W,1,D,1,C+,1,C,1
A205,M,ภาควิชาวิศวกรรมสำรวจ,TCAS3 Admissions,1.64,2.86,2.05,2,W,1,A,1,W,1,C,1,B,1,W,2
A206,M,ภาควิชาวิศวกรรมเครื่องกล,TCAS3 Admissions,2.85,2.91,2.88,2,W,1,B+,1,B,1,C,1,B,1,B+,1
A207,M,ภาควิชาวิศวกรรมเครื่องกล,TCAS3 Admissions,2.76,3.42,3.24,2,C,1,A,1,A,1,D+,1,C+,1,C+,1
A208,M,ภาควิชาวิศวกรรมไฟฟ้า,TCAS3 Admissions,3.09,3.05,3.06,2,A,1,B+,1,C+,1,B,1,B+,1,C+,1
A209,F,ภาควิชาวิศวกรรมโยธา,TCAS3 Admissions,2.44,2.89,2.68,2,B+,1,A,1,C+,1,D+,1,B,1,A,1
A210,M,ภาควิชาวิศวกรรมไฟฟ้า,TCAS3 Admissions,3.32,3.84,3.60,2,A,1,A,1,A,1,B,1,B,1,A,1
A211,M,ภาควิชาวิศวกรรมไฟฟ้า,TCAS3 Admissions,3.00,3.05,3.03,2,C,1,A,1,B,1,C+,1,B+,1,C+,1
A212,M,ภาควิชาวิศวกรรมไฟฟ้า,TCAS3 Admissions,2.82,3.45,3.15,2,C+,1,A,1,B+,1,C,1,B+,1,C+,1
A213,M,ภาควิชาวิศวกรรมอุตสาหการ,TCAS3 Admissions,2.69,3.31,3.03,2,B,1,,,A,1,C+,1,B+,1,C+,1
A214,M,ภาควิชาวิศวกรรมอุตสาหการ,TCAS3 Admissions,3.35,3.66,3.51,2,B,1,A,1,A,1,B,1,B+,1,C+,1
A215,M,ภาควิชาวิศวกรรมเครื่องกล,TCAS3 Admissions,3.26,3.45,3.36,2,A,1,A,1,B+,1,C+,1,B+,1,A,1
A216,M,ภาควิชาวิศวกรรมไฟฟ้า,TCAS3 Admissions,3.04,3.50,3.37,2,B,1,A,1,B+,1,C+,1,C+,1,D+,1
A217,M,ไม่สังกัดภาควิชา/เทียบเท่า,TCAS3 Admissions,0.79,1.73,1.24,2,W,1,A,1,D,1,D,1,C+,1,F,2
A218,M,ภาควิชาวิศวกรรมอุตสาหการ,TCAS3 Admissions,3.21,3.61,3.42,2,A,1,A,1,B+,1,B,1,B,1,C+,1
A219,M,ภาควิชาวิศวกรรมเครื่องกล,TCAS3 Admissions,3.82,3.92,3.88,2,A,1,A,1,A,1,A,1,A,1,A,1
A220,F,ภาควิชาวิศวกรรมโยธา,TCAS3 Admissions,2.53,2.50,2.63,2,D+,1,A,1,C+,1,C+,1,B+,1,D+,1
A221,M,ภาควิชาวิศวกรรมโยธา,TCAS3 Admissions,2.79,3.16,2.97,2,W,1,A,1,B,1,C,1,B+,1,C+,1
A222,M,ภาควิชาวิศวกรรมโยธา,TCAS3 Admissions,2.18,2.53,2.38,2,W,1,A,1,B,1,C+,1,B+,1,C,2
A223,M,ไม่สังกัดภาควิชา/เทียบเท่า,TCAS3 Admissions,1.18,0.72,0.93,2,F,1,F,1,C+,1,F,1,D,1,F,1
A224,M,ภาควิชาวิศวกรรมโยธา,TCAS3 Admissions,2.14,2.50,2.49,2,D+,1,A,1,B,1,C+,1,B,1,D+,2
A225,M,ภาควิชาวิศวกรรมไฟฟ้า,TCAS3 Admissions,2.91,3.29,3.11,2,B,1,A,1,B,1,C,1,B+,1,C+,1
A226,M,ภาควิชาวิศวกรรมอุตสาหการ,TCAS3 Admissions,3.15,3.43,3.31,2,C+,1,A,1,A,1,C+,1,B,1,B+,2
A227,M,ภาควิชาวิศวกรรมไฟฟ้า,TCAS3 Admissions,3.09,3.29,3.26,2,C+,1,A,1,B+,1,C+,1,B,1,C,1
A228,F,ภาควิชาวิศวกรรมอุตสาหการ,TCAS3 Admissions,3.50,3.34,3.42,2,C+,1,A,1,B,1,B+,1,B+,1,C+,1
A229,M,ภาควิชาวิศวกรรมไฟฟ้า,TCAS3 Admissions,2.91,3.37,3.15,2,A,1,A,1,B+,1,C+,1,B+,1,C+,1
A230,M,ภาควิชาวิศวกรรมเครื่องกล,TCAS3 Admissions,2.62,2.95,2.79,2,D+,1,A,1,B,1,C,1,B,1,C+,1
A231,M,ภาควิชาวิศวกรรมไฟฟ้า,TCAS3 Admissions,2.62,3.34,3.00,2,C+,1,A,1,B,1,C+,1,B,1,C+,1
A232,M,ภาควิชาวิศวกรรมโยธา,TCAS3 Admissions,2.24,2.53,2.39,2,D+,1,A,1,C,1,C,1,B,1,D,1
A233,M,ภาควิชาวิศวกรรมโยธา,TCAS3 Admissions,3.35,3.84,3.67,2,B,1,A,1,A,1,B,1,B+,1,B,1
A234,M,ภาควิชาวิศวกรรมโยธา,TCAS3 Admissions,2.62,2.39,2.50,2,D+,1,A,1,B,1,C,1,B,1,C,1
A235,M,ภาควิชาวิศวกรรมเครื่องกล,TCAS3 Admissions,3.56,3.89,3.74,2,A,1,A,1,B+,1,B+,1,A,1,B+,1
A236,M,ภาควิชาวิศวกรรมคอมพิวเตอร์,TCAS3 Admissions,3.47,3.68,3.58,2,A,1,A,1,A,1,B+,1,A,1,A,1
A237,M,ภาควิชาวิศวกรรมเหมืองแร่และปิโตรเลียม,TCAS3 Admissions,1.03,2.81,1.80,2,W,1,A,1,D+,1,F,1,B,1,D,1
A238,M,ภาควิชาวิศวกรรมโยธา,TCAS3 Admissions,2.44,2.75,2.62,2,C,1,A,1,C+,1,D,1,B+,1,C+,2
A239,F,ภาควิชาวิศวกรรมอุตสาหการ,TCAS3 Admissions,2.79,3.25,3.05,2,B,1,A,1,B+,1,C,1,B+,1,A,2
A240,M,ภาควิชาวิศวกรรมโยธา,TCAS3 Admissions,2.65,2.00,2.31,2,D,1,A,1,C,1,C,1,B+,1,B,1
A241,M,ภาควิชาวิศวกรรมโยธา,TCAS3 Admissions,2.53,2.63,2.58,2,D+,1,A,1,B+,1,C,1,B,1,C,1
A242,M,ภาควิชาวิศวกรรมเครื่องกล,TCAS3 Admissions,3.88,3.89,3.89,2,A,1,A,1,A,1,A,1,B+,1,B+,1
A243,M,ภาควิชาวิศวกรรมเหมืองแร่และปิโตรเลียม,TCAS3 Admissions,2.56,2.74,2.65,2,D+,1,B,1,B,1,C+,1,C+,1,D,1
A244,M,ภาควิชาวิศวกรรมโยธา,TCAS3 Admissions,2.88,2.95,2.92,2,C,1,A,1,C+,1,C,1,B+,1,C+,1
A245,M,ภาควิชาวิศวกรรมอุตสาหการ,TCAS3 Admissions,2.94,3.53,3.31,2,A,1,A,1,B+,1,B,1,A,1,B+,1
A246,M,ภาควิชาวิศวกรรมไฟฟ้า,TCAS3 Admissions,3.71,3.92,3.82,2,A,1,A,1,A,1,A,1,B+,1,B+,1
A247,M,ภาควิชาวิศวกรรมโยธา,TCAS3 Admissions,2.47,2.95,2.72,2,C,1,A,1,B+,1,C+,1,B+,1,D,1
A248,F,ภาควิชาวิศวกรรมอุตสาหการ,TCAS3 Admissions,3.38,3.74,3.57,2,B,1,A,1,A,1,B+,1,A,1,C,1
A249,M,ไม่สังกัดภาควิชา/เทียบเท่า,TCAS3 Admissions,0.00,,,,,,,,,,M,1,C+,1,M,1
A250,M,ภาควิชาวิศวกรรมอุตสาหการ,TCAS3 Admissions,3.32,3.16,3.28,2,C+,1,A,1,B+,1,B,1,B+,1,C,2
A251,M,ภาควิชาวิศวกรรมไฟฟ้า,TCAS3 Admissions,3.35,3.68,3.53,2,A,1,A,1,A,1,B+,1,B+,1,C+,1
A252,M,ภาควิชาวิศวกรรมนิวเคลียร์,TCAS3 Admissions,2.03,2.16,2.09,2,D,1,B,1,B,1,C,1,B,1,A,1
A253,M,ภาควิชาวิศวกรรมอุตสาหการ,TCAS3 Admissions,2.97,3.18,3.15,2,C,1,A,1,B+,1,C+,1,B,1,B,1
A254,F,ภาควิชาวิศวกรรมเคมี,TCAS3 Admissions,2.00,2.20,2.36,2,D+,1,A,1,B,1,C,1,B+,1,C+,2
A255,M,ภาควิชาวิศวกรรมโยธา,TCAS3 Admissions,2.35,2.71,2.54,2,D+,1,A,1,B,1,C+,1,B+,1,C,1
A256,F,ภาควิชาวิศวกรรมเครื่องกล,TCAS3 Admissions,3.56,3.45,3.50,2,A,1,A,1,B+,1,B+,1,A,1,A,1
A257,M,ภาควิชาวิศวกรรมอุตสาหการ,TCAS3 Admissions,3.09,3.61,3.36,2,B+,1,A,1,A,1,C+,1,B+,1,C+,1
A258,M,ภาควิชาวิศวกรรมเครื่องกล,TCAS3 Admissions,2.65,2.66,2.65,2,D+,1,A,1,B+,1,C+,1,A,1,C,1
A259,F,ไม่สังกัดภาควิชา/เทียบเท่า,TCAS3 Admissions,2.29,0.00,,2,F,1,A,1,D,1,C+,1,B+,1,C+,1
A260,F,ภาควิชาวิศวกรรมไฟฟ้า,TCAS3 Admissions,2.82,2.95,2.89,2,D,1,A,1,C+,1,C,1,B+,1,C+,1
A261,M,ภาควิชาวิศวกรรมไฟฟ้า,TCAS3 Admissions,3.89,3.39,3.58,2,C+,1,A,1,A,1,B+,1,A,1,C,2
A262,M,ภาควิชาวิศวกรรมเครื่องกล,TCAS3 Admissions,2.82,3.03,2.93,2,B+,1,A,1,B+,1,B,1,B+,1,A,1
A263,M,ภาควิชาวิศวกรรมเครื่องกล,TCAS3 Admissions,3.46,3.45,3.46,2,B,1,A,1,B+,1,B,1,A,1,B,2
A264,M,ภาควิชาวิศวกรรมอุตสาหการ,TCAS3 Admissions,3.29,3.07,3.15,2,D+,1,A,1,B+,1,C+,1,B,1,C,2
A265,M,ภาควิชาวิศวกรรมไฟฟ้า,TCAS3 Admissions,2.65,3.20,2.96,2,C+,1,A,1,B+,1,B,1,C+,1,C+,2
A266,M,ภาควิชาวิศวกรรมโยธา,TCAS3 Admissions,1.71,2.34,2.22,2,W,1,A,1,B,1,D+,1,B+,1,C,2
A267,M,ภาควิชาวิศวกรรมเหมืองแร่และปิโตรเลียม,TCAS3 Admissions,2.89,2.27,2.51,2,D+,1,A,1,C,1,C+,1,B+,1,D,2
A268,F,ภาควิชาวิศวกรรมไฟฟ้า,TCAS3 Admissions,3.82,4.00,3.92,2,A,1,A,1,A,1,A,1,A,1,B,1
A269,M,ภาควิชาวิศวกรรมเครื่องกล,TCAS3 Admissions,3.82,3.92,3.88,2,A,1,A,1,A,1,A,1,A,1,A,1
A270,F,ภาควิชาวิศวกรรมเคมี,TCAS3 Admissions,3.29,3.37,3.33,2,A,1,A,1,B+,1,B+,1,A,1,A,1
A271,M,ภาควิชาวิศวกรรมคอมพิวเตอร์,TCAS3 Admissions,3.74,3.84,3.79,2,A,1,A,1,A,1,B+,1,A,1,A,1
A272,M,ภาควิชาวิศวกรรมอุตสาหการ,TCAS3 Admissions,2.82,3.34,3.10,2,B,1,A,1,B+,1,C+,1,B+,1,C,1
A273,M,ภาควิชาวิศวกรรมไฟฟ้า,TCAS3 Admissions,3.82,4.00,3.91,2,W,1,A,1,A,1,A,1,A,1,B+,1
A274,F,ภาควิชาวิศวกรรมอุตสาหการ,TCAS3 Admissions,3.29,3.45,3.38,2,B,1,A,1,A,1,B+,1,A,1,A,1
A275,M,ภาควิชาวิศวกรรมเครื่องกล,TCAS3 Admissions,2.59,2.89,2.75,2,C+,1,A,1,C+,1,C+,1,B,1,C,1
A276,F,ภาควิชาวิศวกรรมสิ่งแวดล้อม,TCAS3 Admissions,3.18,3.03,3.10,2,C,1,A,1,A,1,B,1,B+,1,A,1
A277,M,ภาควิชาวิศวกรรมไฟฟ้า,TCAS3 Admissions,3.18,2.92,3.04,2,B,1,B,1,B+,1,B+,1,B+,1,B,1
A278,M,ภาควิชาวิศวกรรมไฟฟ้า,TCAS3 Admissions,2.93,3.97,3.44,2,A,1,A,1,A,1,C+,1,B+,1,C+,1
A279,M,ภาควิชาวิศวกรรมโลหการ,TCAS3 Admissions,2.00,1.84,2.08,2,W,1,A,1,D,1,C,1,B,1,D,2
A280,M,ภาควิชาวิศวกรรมอุตสาหการ,TCAS3 Admissions,2.88,3.23,3.08,2,A,1,B,1,C,1,C,1,B,1,A,2
A281,M,ภาควิชาวิศวกรรมไฟฟ้า,TCAS3 Admissions,2.98,3.25,3.12,2,A,1,A,1,C,1,C,1,B,1,B+,2
A282,M,ภาควิชาวิศวกรรมคอมพิวเตอร์,TCAS3 Admissions,3.56,3.93,3.77,2,A,1,A,1,A,1,A,1,A,1,A,2
A283,M,ภาควิชาวิศวกรรมโยธา,TCAS3 Admissions,1.88,3.13,2.57,2,A,1,A,1,C+,1,C,1,B,1,B+,2
A284,F,ภาควิชาวิศวกรรมไฟฟ้า,TCAS3 Admissions,3.38,4.00,3.71,2,A,1,A,1,A,1,B,1,A,1,C,1
A285,F,ภาควิชาวิศวกรรมโยธา,TCAS3 Admissions,2.32,2.16,2.24,2,D,1,B,1,C+,1,C,1,B,1,D,1
A286,M,ไม่สังกัดภาควิชา/เทียบเท่า,TCAS3 Admissions,2.32,0.57,1.25,2,F,1,F,1,D,1,F,1,C+,1,F,2
A287,M,ภาควิชาวิศวกรรมเครื่องกล,TCAS3 Admissions,2.57,2.68,2.64,2,D+,1,A,1,C,1,D,1,B+,1,C+,2
A288,M,ภาควิชาวิศวกรรมเครื่องกล,TCAS3 Admissions,2.68,2.95,2.82,2,B,1,A,1,B,1,D+,1,B,1,D+,1
A289,M,ภาควิชาวิศวกรรมอุตสาหการ,TCAS3 Admissions,2.88,3.34,3.13,2,B,1,A,1,A,1,C+,1,B,1,B+,1
A290,M,ภาควิชาวิศวกรรมโยธา,TCAS3 Admissions,2.68,2.39,2.64,2,D,1,A,1,B,1,D+,1,C+,1,A,1
A291,M,ภาควิชาวิศวกรรมอุตสาหการ,TCAS3 Admissions,2.85,3.21,3.04,2,A,1,A,1,B+,1,D+,1,B,1,A,1
A292,M,ภาควิชาวิศวกรรมโยธา,TCAS3 Admissions,2.05,2.18,2.30,2,D+,1,A,1,C+,1,D,1,C,1,D+,2
A293,F,ภาควิชาวิศวกรรมเคมี,TCAS3 Admissions,1.94,2.70,2.37,2,D,1,A,1,B,1,C+,1,B+,1,D+,2
A294,M,ภาควิชาวิศวกรรมไฟฟ้า,TCAS3 Admissions,3.18,3.53,3.36,2,B+,1,A,1,B+,1,C+,1,B+,1,B,1
A295,M,ภาควิชาวิศวกรรมไฟฟ้า,TCAS3 Admissions,3.09,3.92,3.53,2,B+,1,A,1,A,1,B,1,B+,1,D+,1
A296,M,ภาควิชาวิศวกรรมคอมพิวเตอร์,TCAS3 Admissions,3.65,3.44,3.55,2,A,1,,,,,B+,1,A,1,A,1
A297,M,ภาควิชาวิศวกรรมสำรวจ,TCAS3 Admissions,1.94,2.34,2.19,2,D+,1,A,1,D,1,D+,1,C+,1,C+,1
A298,F,ภาควิชาวิศวกรรมโยธา,TCAS3 Admissions,2.41,2.11,2.36,2,D,1,A,1,C,1,D+,1,B+,1,A,1
A299,M,ภาควิชาวิศวกรรมเคมี,TCAS3 Admissions,2.97,2.84,2.90,2,C,1,A,1,B,1,C+,1,B,1,A,1
A300,M,ภาควิชาวิศวกรรมไฟฟ้า,TCAS3 Admissions,3.06,2.97,3.01,2,D+,1,B+,1,C,1,C+,1,B,1,C+,1
A301,M,ภาควิชาวิศวกรรมไฟฟ้า,TCAS3 Admissions,2.79,2.84,2.82,2,B,1,A,1,C+,1,C,1,B,1,C+,1
A302,M,ภาควิชาวิศวกรรมเครื่องกล,TCAS3 Admissions,3.44,3.21,3.37,2,C,1,A,1,C+,1,B,1,B+,1,C+,1
A303,M,ภาควิชาวิศวกรรมโยธา,TCAS3 Admissions,2.38,2.61,2.50,2,D+,1,A,1,B+,1,C+,1,B+,1,D+,1
A304,M,ภาควิชาวิศวกรรมอุตสาหการ,TCAS3 Admissions,2.74,3.39,3.08,2,B,1,A,1,A,1,C,1,B+,1,C+,1
A305,M,ภาควิชาวิศวกรรมไฟฟ้า,TCAS3 Admissions,2.65,3.13,2.90,2,B,1,A,1,B+,1,D+,1,B+,1,C+,1
A306,M,ภาควิชาวิศวกรรมโยธา,TCAS3 Admissions,2.43,3.03,2.88,2,W,1,A,1,B,1,C,1,B,1,C+,2
A307,M,ภาควิชาวิศวกรรมคอมพิวเตอร์,TCAS3 Admissions,3.76,3.92,3.87,2,A,1,A,1,B+,1,B+,1,B,1,B+,1
A308,M,ภาควิชาวิศวกรรมเคมี,TCAS3 Admissions,3.09,3.24,3.17,2,D+,1,A,1,B+,1,C+,1,B+,1,C+,1
A309,M,ภาควิชาวิศวกรรมโยธา,TCAS3 Admissions,2.88,3.03,2.96,2,C+,1,A,1,B,1,C+,1,B+,1,C+,1
A310,M,ภาควิชาวิศวกรรมคอมพิวเตอร์,TCAS3 Admissions,3.47,3.76,3.63,2,A,1,A,1,A,1,B,1,A,1,A,1
A311,M,ภาควิชาวิศวกรรมโยธา,TCAS3 Admissions,2.71,3.16,2.94,2,A,1,A,1,B+,1,D+,1,B+,1,A,1
A312,M,ภาควิชาวิศวกรรมไฟฟ้า,TCAS3 Admissions,3.38,3.05,3.21,2,C,1,A,1,A,1,B,1,A,1,A,1
A313,F,ภาควิชาวิศวกรรมโยธา,TCAS3 Admissions,2.06,2.95,2.64,2,B,1,A,1,C+,1,D+,1,A,1,D+,1
A314,M,ภาควิชาวิศวกรรมโยธา,TCAS3 Admissions,2.44,2.50,2.47,2,D+,1,A,1,C+,1,C+,1,B,1,C,1
A315,M,ภาควิชาวิศวกรรมเครื่องกล,TCAS3 Admissions,2.21,2.48,2.50,2,D+,1,A,1,C,1,D,1,B,1,C+,2
A316,M,ไม่สังกัดภาควิชา/เทียบเท่า,TCAS3 Admissions,0.00,0.00,0.00,,,,,,,,,,,,,
A317,M,ภาควิชาวิศวกรรมเหมืองแร่และปิโตรเลียม,TCAS3 Admissions,3.07,2.63,2.82,2,W,1,A,1,C+,1,B,1,B,1,C,2
A318,M,ภาควิชาวิศวกรรมโยธา,TCAS3 Admissions,2.12,2.61,2.50,2,D+,1,A,1,B,1,D,1,B,1,C,1
A319,M,ภาควิชาวิศวกรรมไฟฟ้า,TCAS3 Admissions,3.62,4.00,3.83,2,A,1,A,1,A,1,B+,1,B+,1,C+,1
A320,M,ภาควิชาวิศวกรรมไฟฟ้า,TCAS3 Admissions,2.91,2.97,2.94,2,D+,1,A,1,B+,1,C+,1,B+,1,C,1
A321,M,ภาควิชาวิศวกรรมเครื่องกล,TCAS3 Admissions,3.41,3.13,3.32,2,C+,1,A,1,B+,1,B+,1,B+,1,A,1
A322,M,ภาควิชาวิศวกรรมไฟฟ้า,TCAS3 Admissions,3.50,3.53,3.48,2,B,1,A,1,B+,1,C+,1,B,1,A,1
A323,M,ภาควิชาวิศวกรรมไฟฟ้า,TCAS3 Admissions,3.24,3.37,3.36,2,B,1,A,1,B+,1,B,1,B,1,C,1
A324,M,ภาควิชาวิศวกรรมเครื่องกล,TCAS3 Admissions,2.47,3.23,2.98,2,A,1,A,1,B,1,C,1,B+,1,B+,2
A325,M,ภาควิชาวิศวกรรมไฟฟ้า,TCAS3 Admissions,3.26,3.61,3.44,2,A,1,A,1,A,1,B,1,B+,1,A,1
A326,M,ภาควิชาวิศวกรรมไฟฟ้า,TCAS3 Admissions,3.12,3.61,3.38,2,B,1,A,1,B+,1,B,1,A,1,D,1
A327,M,ภาควิชาวิศวกรรมโยธา,TCAS3 Admissions,1.96,2.87,2.48,2,D+,1,A,1,B,1,D+,1,B,1,C,1
A328,F,ภาควิชาวิศวกรรมเคมี,TCAS3 Admissions,1.97,2.31,2.12,2,W,1,,,C,1,D+,1,C,1,D,1
A329,M,ภาควิชาวิศวกรรมโยธา,TCAS3 Admissions,2.15,2.39,2.28,2,D+,1,A,1,B,1,D+,1,C+,1,C+,2
A330,M,ภาควิชาวิศวกรรมไฟฟ้า,TCAS3 Admissions,3.21,3.89,3.57,2,A,1,A,1,A,1,B,1,C+,1,C+,1
A331,M,ภาควิชาวิศวกรรมสิ่งแวดล้อม,TCAS3 Admissions,2.07,2.75,2.43,2,W,1,A,1,C+,1,C,1,C+,1,W,2
A332,M,ภาควิชาวิศวกรรมเหมืองแร่และปิโตรเลียม,TCAS3 Admissions,3.30,3.38,3.21,2,D+,2,B+,1,A,1,A,1,B+,1,D+,1
A333,M,ภาควิชาวิศวกรรมเครื่องกล,TCAS3 Admissions,2.74,3.18,2.97,2,A,1,A,1,C,1,C,1,B+,1,C+,1
A334,M,ภาควิชาวิศวกรรมไฟฟ้า,TCAS3 Admissions,3.06,3.50,3.29,2,A,1,A,1,B,1,C+,1,B,1,A,1
A335,M,ภาควิชาวิศวกรรมโยธา,TCAS3 Admissions,2.35,2.79,2.79,2,D+,1,A,1,B,1,C,1,B,1,C,1
A336,M,ภาควิชาวิศวกรรมอุตสาหการ,TCAS3 Admissions,3.47,3.53,3.50,2,B+,1,A,1,A,1,B+,1,A,1,A,1
A337,F,ไม่สังกัดภาควิชา/เทียบเท่า,TCAS3 Admissions,3.12,0.00,3.12,,,,,,,,B+,1,A,1,C+,1
A338,M,ภาควิชาวิศวกรรมเครื่องกล,TCAS3 Admissions,3.26,3.29,3.28,2,C+,1,A,1,B+,1,B,1,B+,1,C+,1
A339,M,ภาควิชาวิศวกรรมเคมี,TCAS3 Admissions,1.76,3.04,2.32,,,,A,1,B,1,D+,1,C+,1,D,1
A340,M,ภาควิชาวิศวกรรมไฟฟ้า,TCAS3 Admissions,3.32,3.76,3.56,2,A,1,A,1,B+,1,B,1,B,1,B,1
A341,F,ภาควิชาวิศวกรรมคอมพิวเตอร์,TCAS3 Admissions,4.00,4.00,4.00,2,A,1,A,1,A,1,A,1,A,1,A,1
A342,M,ภาควิชาวิศวกรรมไฟฟ้า,TCAS3 Admissions,2.91,3.13,3.17,2,D+,1,A,1,B,1,B,1,B+,1,D+,1
A343,M,ภาควิชาวิศวกรรมคอมพิวเตอร์,TCAS3 Admissions,3.32,3.76,3.62,2,A,1,A,1,B+,1,C+,1,B,1,B+,1
A344,M,ภาควิชาวิศวกรรมอุตสาหการ,TCAS3 Admissions,3.18,3.42,3.31,2,A,1,A,1,B,1,B,1,B+,1,C+,1
A345,M,ภาควิชาวิศวกรรมเคมี,TCAS3 Admissions,2.64,2.53,2.58,2,W,1,A,1,B+,1,C+,1,B+,1,D,2
A346,M,ภาควิชาวิศวกรรมอุตสาหการ,TCAS3 Admissions,3.53,3.50,3.51,2,B,1,A,1,A,1,A,1,B+,1,C,1
A347,M,ภาควิชาวิศวกรรมไฟฟ้า,TCAS3 Admissions,2.62,2.84,2.92,2,C+,1,A,1,C+,1,B+,1,B,1,D+,1
A348,M,ภาควิชาวิศวกรรมอุตสาหการ,TCAS3 Admissions,2.91,3.21,3.07,2,A,1,A,1,B,1,B,1,B+,1,C+,1
A349,F,ภาควิชาวิศวกรรมเครื่องกล,TCAS3 Admissions,2.82,2.37,2.58,2,D,1,A,1,C+,1,B,1,B+,1,C,1
A350,M,ภาควิชาวิศวกรรมเคมี,TCAS3 Admissions,3.47,3.63,3.58,2,C+,1,A,1,B+,1,A,1,A,1,C,1
A351,M,ภาควิชาวิศวกรรมอุตสาหการ,TCAS3 Admissions,2.71,3.09,2.94,2,B+,1,A,1,B,1,C,1,C+,1,B+,2
A352,M,ภาควิชาวิศวกรรมไฟฟ้า,TCAS3 Admissions,3.32,3.39,3.42,2,B+,1,A,1,B,1,B+,1,B+,1,B+,2
A353,M,ภาควิชาวิศวกรรมอุตสาหการ,TCAS3 Admissions,3.18,3.50,3.35,2,B+,1,A,1,B+,1,B,1,B+,1,C,1
A354,M,ภาควิชาวิศวกรรมเครื่องกล,TCAS3 Admissions,3.53,3.68,3.61,2,B,1,A,1,A,1,A,1,B+,1,C+,1
A355,F,ภาควิชาวิศวกรรมคอมพิวเตอร์,TCAS3 Admissions,3.82,4.00,3.92,2,A,1,A,1,A,1,B+,1,A,1,B+,1
A356,M,ภาควิชาวิศวกรรมเครื่องกล,TCAS3 Admissions,3.11,2.52,2.79,2,C,1,A,1,C,1,C+,1,C+,1,C,2
A357,M,ภาควิชาวิศวกรรมโลหการ,TCAS3 Admissions,1.54,2.19,2.08,2,W,2,A,1,D,1,D+,2,C+,1,D,1
A358,M,ภาควิชาวิศวกรรมนิวเคลียร์,TCAS3 Admissions,2.03,2.13,2.08,2,B,1,B+,1,C,1,D,1,B,1,C,1
A359,M,ภาควิชาวิศวกรรมเครื่องกล,TCAS3 Admissions,3.00,2.95,2.83,2,C+,1,A,1,C+,1,C+,1,C+,1,C+,2
A360,M,ภาควิชาวิศวกรรมนิวเคลียร์,TCAS3 Admissions,2.71,1.44,2.36,2,W,1,A,1,F,1,C+,1,B,1,W,2
A361,M,ภาควิชาวิศวกรรมไฟฟ้า,TCAS3 Admissions,3.00,2.73,2.83,2,B+,1,B+,1,C,1,C+,1,C+,1,D+,2
A362,M,ภาควิชาวิศวกรรมไฟฟ้า,TCAS3 Admissions,2.91,2.82,2.86,2,D+,1,A,1,C+,1,C,1,B+,1,C+,1
A363,M,ภาควิชาวิศวกรรมไฟฟ้า,TCAS3 Admissions,3.07,2.95,3.11,2,C+,1,A,1,B,1,B,1,B,1,C+,2
A364,F,ภาควิชาวิศวกรรมเครื่องกล,TCAS3 Admissions,3.47,3.44,3.46,2,B,2,A,1,B,1,B,1,A,1,B+,1
A365,M,ภาควิชาวิศวกรรมไฟฟ้า,TCAS3 Admissions,2.59,3.18,2.90,2,B,1,A,1,B,1,C,1,B,1,C+,1
A366,M,ไม่สังกัดภาควิชา/เทียบเท่า,TCAS3 Admissions,2.82,2.93,2.88,2,C+,1,B,1,B,1,B,1,B+,1,C,2
A367,M,ภาควิชาวิศวกรรมไฟฟ้า,TCAS3 Admissions,3.26,3.42,3.35,2,A,1,A,1,B+,1,B+,1,B+,1,C,1
A368,M,ภาควิชาวิศวกรรมโยธา,TCAS3 Admissions,2.32,2.32,2.32,2,D,1,A,1,C,1,C,1,B,1,D+,1
A369,M,ภาควิชาวิศวกรรมไฟฟ้า,TCAS3 Admissions,2.86,2.76,2.80,2,D+,1,A,1,C,1,W,1,C+,1,C+,1
A370,M,ภาควิชาวิศวกรรมเครื่องกล,TCAS3 Admissions,2.71,2.97,2.85,2,B,1,A,1,C+,1,C+,1,B,1,C,1
A371,F,ภาควิชาวิศวกรรมเครื่องกล,TCAS3 Admissions,0.00,2.39,,2,D+,1,A,1,C,1,C,1,B+,1,C,1
A372,F,ภาควิชาวิศวกรรมเครื่องกล,TCAS3 Admissions,2.79,2.79,2.96,2,D+,1,A,1,B+,1,B,1,B,1,D,1
A373,M,ภาควิชาวิศวกรรมเครื่องกล,TCAS3 Admissions,2.65,2.79,2.87,2,A,1,A,1,C,1,D+,1,B+,1,A,1
A374,M,ภาควิชาวิศวกรรมไฟฟ้า,TCAS3 Admissions,2.76,3.50,3.12,2,W,1,A,1,B+,1,B,1,A,1,D,1
A375,M,ภาควิชาวิศวกรรมไฟฟ้า,TCAS3 Admissions,3.61,3.08,3.28,2,D+,1,A,1,C+,1,B+,1,B,1,B+,1
A376,M,ภาควิชาวิศวกรรมคอมพิวเตอร์,TCAS3 Admissions,3.38,3.76,3.58,2,A,1,A,1,B+,1,B,1,A,1,A,1
A377,M,ภาควิชาวิศวกรรมไฟฟ้า,TCAS3 Admissions,2.38,2.79,2.60,2,D+,1,A,1,B+,1,C,1,C+,1,C+,1
A378,M,ภาควิชาวิศวกรรมไฟฟ้า,TCAS3 Admissions,2.91,3.34,3.23,2,C+,1,A,1,B,1,C+,1,B+,1,C+,1
A379,M,ภาควิชาวิศวกรรมโยธา,TCAS3 Admissions,2.53,2.50,2.69,2,D,1,A,1,C+,1,C,1,C+,1,C+,1
A380,M,ภาควิชาวิศวกรรมเครื่องกล,TCAS3 Admissions,3.43,3.20,3.29,2,A,1,A,1,B+,1,B,1,B+,1,C+,2
A381,M,ไม่สังกัดภาควิชา/เทียบเท่า,TCAS3 Admissions,1.85,0.00,,2,,1,,1,,1,D+,1,C+,1,,2
A382,M,ภาควิชาวิศวกรรมสำรวจ,TCAS3 Admissions,1.57,2.00,1.82,2,W,1,A,1,C,1,D,1,B,1,D+,2
A383,M,ภาควิชาวิศวกรรมโลหการ,TCAS3 Admissions,2.13,2.09,2.18,2,D+,1,A,1,D+,1,W,1,C+,1,C+,2
A384,M,ภาควิชาวิศวกรรมนิวเคลียร์,TCAS3 Admissions,2.59,2.71,2.65,2,B,1,A,1,F,1,C+,1,A,1,C,1
A385,M,ภาควิชาวิศวกรรมเคมี,TCAS3 Admissions,2.44,2.44,2.44,2,W,1,A,1,C,1,B,1,B,1,C,1
A386,M,ภาควิชาวิศวกรรมเครื่องกล,TCAS3 Admissions,2.26,3.16,2.77,2,A,1,A,1,C+,1,C,1,B+,1,B,2
A387,M,ภาควิชาวิศวกรรมเครื่องกล,TCAS3 Admissions,2.71,2.92,2.99,2,C,1,A,1,B+,1,C+,1,B,1,D+,1
A388,M,ภาควิชาวิศวกรรมสิ่งแวดล้อม,TCAS3 Admissions,2.24,2.18,2.21,2,F,1,A,1,C,1,C,1,B,1,D,1
A389,M,ภาควิชาวิศวกรรมคอมพิวเตอร์,TCAS3 Admissions,3.53,3.87,3.71,2,A,1,A,1,B+,1,C+,1,B+,1,B,1
A390,M,ภาควิชาวิศวกรรมนิวเคลียร์,TCAS3 Admissions,2.56,2.58,2.57,2,D+,1,A,1,C,1,C,1,B,1,C+,1
A391,M,ภาควิชาวิศวกรรมสิ่งแวดล้อม,TCAS3 Admissions,2.26,2.61,2.67,2,C,1,A,1,C,1,D,1,B+,1,D+,1
A392,M,ภาควิชาวิศวกรรมเครื่องกล,TCAS3 Admissions,2.56,2.63,2.60,2,A,1,A,1,C,1,C+,1,B+,1,B,1
A393,M,ภาควิชาวิศวกรรมคอมพิวเตอร์,TCAS3 Admissions,3.47,3.66,3.57,2,A,1,A,1,B,1,C+,1,C+,1,B+,1
A394,F,ภาควิชาวิศวกรรมไฟฟ้า,TCAS3 Admissions,2.85,2.79,2.95,2,D+,1,A,1,D+,1,D+,1,B,1,D+,1
A395,F,ภาควิชาวิศวกรรมนิวเคลียร์,TCAS3 Admissions,1.21,2.53,2.11,2,W,1,A,1,B,1,F,1,C+,1,D+,2
A396,M,ภาควิชาวิศวกรรมเคมี,TCAS3 Admissions,2.76,2.42,2.69,2,C,1,A,1,C,1,C+,1,B,1,D+,1
A397,M,ภาควิชาวิศวกรรมเคมี,TCAS3 Admissions,3.09,3.00,3.04,2,D+,1,A,1,B+,1,C+,1,B+,1,D+,1
A398,M,ภาควิชาวิศวกรรมโยธา,TCAS3 Admissions,2.06,2.42,2.25,2,D+,1,B+,1,C,1,D+,1,C+,1,W,2
A399,M,ภาควิชาวิศวกรรมไฟฟ้า,TCAS3 Admissions,2.65,3.34,3.01,2,A,1,A,1,B+,1,C+,1,B,1,D+,1
A400,M,ภาควิชาวิศวกรรมสำรวจ,TCAS3 Admissions,1.97,1.81,1.89,2,D+,1,C+,1,W,1,D,1,C+,1,C+,1
A401,F,ภาควิชาวิศวกรรมอุตสาหการ,TCAS3 Admissions,3.53,3.29,3.38,2,C+,1,A,1,B+,1,B,1,B+,1,A,1
A402,F,ภาควิชาวิศวกรรมเคมี,TCAS3 Admissions,3.82,3.92,3.79,2,A,1,A,1,A,1,A,1,A,1,A,1
A403,M,ภาควิชาวิศวกรรมเครื่องกล,TCAS3 Admissions,2.35,2.97,2.68,2,B,1,A,1,B+,1,D+,1,B,1,D+,1
A404,M,ภาควิชาวิศวกรรมโยธา,TCAS3 Admissions,2.38,2.63,2.51,2,C+,1,A,1,C,1,D+,1,C+,1,D+,1
A405,M,ภาควิชาวิศวกรรมไฟฟ้า,TCAS3 Admissions,3.38,3.61,3.50,2,C+,1,A,1,A,1,B+,1,A,1,A,1
A406,M,ภาควิชาวิศวกรรมโลหการ,TCAS3 Admissions,1.74,2.22,1.97,2,W,1,A,1,D,1,C,1,B,1,F,1
A407,F,ภาควิชาวิศวกรรมคอมพิวเตอร์,TCAS3 Admissions,3.65,3.82,3.77,2,A,1,A,1,B+,1,B+,1,A,1,C+,1
A408,F,ภาควิชาวิศวกรรมเครื่องกล,TCAS3 Admissions,2.14,3.26,2.97,2,B,1,A,1,B+,1,C+,1,B+,1,D+,1
A409,M,ภาควิชาวิศวกรรมอุตสาหการ,TCAS3 Admissions,3.18,3.37,3.27,2,A,1,B+,1,B+,1,C,1,B+,1,B,1
A410,M,ภาควิชาวิศวกรรมโยธา,TCAS3 Admissions,2.65,2.58,2.61,2,C+,1,A,1,C,1,C,1,B+,1,C+,1
A411,M,ภาควิชาวิศวกรรมเครื่องกล,TCAS3 Admissions,3.26,3.61,3.44,2,A,1,A,1,A,1,C+,1,B+,1,A,1
A412,F,ภาควิชาวิศวกรรมสำรวจ,TCAS3 Admissions,1.38,1.80,1.80,2,D+,1,A,1,D+,1,D,2,B+,1,D+,1
A413,M,ภาควิชาวิศวกรรมสำรวจ,TCAS3 Admissions,1.74,1.95,2.12,2,C,1,A,1,D,1,D+,1,C+,1,D,1
A414,M,ภาควิชาวิศวกรรมเคมี,TCAS3 Admissions,1.88,2.16,2.02,2,W,1,A,1,D,1,D,1,C+,1,D+,1
A415,F,ภาควิชาวิศวกรรมอุตสาหการ,TCAS3 Admissions,3.53,3.68,3.63,2,B+,1,A,1,B+,1,B,1,B+,1,B,1
A416,M,ภาควิชาวิศวกรรมโลหการ,TCAS3 Admissions,2.14,1.55,1.70,2,D,2,A,1,F,1,D,2,C,1,D,1
A417,M,ภาควิชาวิศวกรรมโยธา,TCAS3 Admissions,2.00,2.34,2.18,2,C+,1,B,1,B,1,D+,1,C+,1,D+,1
A418,M,ภาควิชาวิศวกรรมโยธา,TCAS3 Admissions,3.06,3.18,3.13,2,C+,1,A,1,A,1,C+,1,B,1,B,1
A419,M,ภาควิชาวิศวกรรมไฟฟ้า,TCAS3 Admissions,3.56,3.39,3.55,2,B+,1,A,1,B+,1,A,1,A,1,C,1
A420,M,ภาควิชาวิศวกรรมโยธา,TCAS3 Admissions,2.56,2.61,2.79,2,D+,1,A,1,B,1,C,1,B+,1,C,1
A421,M,ภาควิชาวิศวกรรมโลหการ,TCAS3 Admissions,2.19,1.71,1.85,2,B+,1,,,C+,1,F,2,B+,1,C+,2
A422,M,ภาควิชาวิศวกรรมสิ่งแวดล้อม,TCAS3 Admissions,2.44,2.12,2.29,1,W,1,A,1,D+,1,D+,1,B,1,D,1
A423,M,ภาควิชาวิศวกรรมสิ่งแวดล้อม,TCAS3 Admissions,2.28,2.38,2.31,1,D,1,A,1,C+,1,D+,1,B+,1,C+,1
A424,F,ภาควิชาวิศวกรรมสิ่งแวดล้อม,TCAS3 Admissions,0.85,1.30,1.00,,,,D,1,W,1,W,1,D+,1,W,1
A425,M,ภาควิชาวิศวกรรมสิ่งแวดล้อม,TCAS3 Admissions,2.66,3.00,2.89,1,D,1,A,1,C,1,D+,1,B,1,A,1
A426,M,ภาควิชาวิศวกรรมสิ่งแวดล้อม,TCAS3 Admissions,2.72,2.13,2.40,1,D,2,A,1,C+,1,C,1,B+,1,D,1
A427,M,ภาควิชาวิศวกรรมสิ่งแวดล้อม,TCAS3 Admissions,3.00,1.71,2.14,1,W,1,B,1,B,2,D+,1,B+,1,W,1
A428,M,ภาควิชาวิศวกรรมสิ่งแวดล้อม,TCAS3 Admissions,0.65,2.32,1.92,1,W,1,A,2,W,1,D+,1,C+,1,W,1
A429,M,ภาควิชาวิศวกรรมสิ่งแวดล้อม,TCAS3 Admissions,1.78,2.05,1.91,1,D+,2,B+,1,D,1,D,1,B,1,B,1
A430,M,ภาควิชาวิศวกรรมสิ่งแวดล้อม,TCAS3 Admissions,2.69,2.46,2.83,1,W,1,A,1,C,1,D+,1,B+,1,B,1
A431,M,ภาควิชาวิศวกรรมสิ่งแวดล้อม,TCAS3 Admissions,2.56,2.07,2.33,1,W,1,A,1,C,1,D+,1,B,1,W,1
A432,F,ภาควิชาวิศวกรรมสิ่งแวดล้อม,TCAS3 Admissions,3.06,2.53,2.74,1,D,2,A,1,B,1,C+,1,C+,1,C,1
A433,M,ภาควิชาวิศวกรรมสิ่งแวดล้อม,TCAS3 Admissions,2.90,1.79,2.52,3,D,1,A,1,C,1,D,1,W,1,W,1
A434,M,ภาควิชาวิศวกรรมสิ่งแวดล้อม,TCAS3 Admissions,2.03,2.18,2.04,1,D,2,A,1,D+,1,D+,1,C+,1,W,1
A435,M,ภาควิชาวิศวกรรมสิ่งแวดล้อม,TCAS3 Admissions,2.45,2.45,2.62,1,W,1,B,1,D+,1,C,1,C,1,W,1
A436,M,ภาควิชาวิศวกรรมสิ่งแวดล้อม,TCAS3 Admissions,3.20,2.82,2.74,1,D,2,A,1,C,1,C,1,B,1,B+,1
A437,M,ภาควิชาวิศวกรรมสิ่งแวดล้อม,TCAS3 Admissions,2.74,2.32,2.54,1,C,1,B+,1,B,1,C,1,C,1,B,1
A438,M,ภาควิชาวิศวกรรมสิ่งแวดล้อม,TCAS3 Admissions,1.67,3.30,2.39,1,W,1,A,1,,,C,1,B,1,W,1
A439,M,ภาควิชาวิศวกรรมสิ่งแวดล้อม,TCAS3 Admissions,2.32,2.36,2.35,1,B+,1,A,1,C,1,D+,1,C+,1,A,1
A440,F,ภาควิชาวิศวกรรมสิ่งแวดล้อม,TCAS3 Admissions,3.21,2.71,2.97,1,A,1,A,1,C+,1,C+,1,B+,1,C+,1
A441,M,ภาควิชาวิศวกรรมสิ่งแวดล้อม,TCAS3 Admissions,2.16,0.79,1.51,1,D,1,A,1,D,1,D+,1,C,1,F,1
A442,F,ภาควิชาวิศวกรรมสิ่งแวดล้อม,TCAS3 Admissions,2.59,1.96,2.46,1,D,1,A,1,C+,1,D+,1,C+,1,D+,1
A443,M,ภาควิชาวิศวกรรมสิ่งแวดล้อม,TCAS3 Admissions,2.25,1.64,1.97,1,D,1,A,1,W,1,D,1,D+,1,C,1
A444,M,ภาควิชาวิศวกรรมสิ่งแวดล้อม,TCAS3 Admissions,1.88,2.06,1.94,1,D,2,A,1,D+,1,D,1,C+,1,D+,1
A445,M,ภาควิชาวิศวกรรมสิ่งแวดล้อม,TCAS3 Admissions,2.45,2.10,2.27,,,,A,1,D+,1,D+,1,C,1,D+,1
A446,M,ภาควิชาวิศวกรรมสิ่งแวดล้อม,TCAS3 Admissions,3.00,2.09,2.36,1,D,2,A,1,C+,1,C+,1,B,1,D,1
A447,F,ภาควิชาวิศวกรรมสิ่งแวดล้อม,TCAS3 Admissions,1.88,2.29,2.30,1,D,1,A,1,C,1,C+,1,B+,1,D,1
A448,M,ภาควิชาวิศวกรรมสิ่งแวดล้อม,TCAS3 Admissions,1.97,1.50,1.75,1,D+,1,B,1,W,1,D,1,C+,1,D,1
A449,M,ภาควิชาวิศวกรรมสิ่งแวดล้อม,TCAS3 Admissions,2.25,1.57,1.93,1,W,1,B+,1,D,1,D,1,D+,1,W,1
A450,M,ภาควิชาวิศวกรรมสำรวจ,TCAS3 Admissions,2.73,3.07,2.91,1,D+,1,A,1,D+,1,D+,1,B,1,B,1
A451,M,ภาควิชาวิศวกรรมสำรวจ,TCAS3 Admissions,2.09,1.86,2.18,1,W,1,B,1,D+,1,,,D+,1,D,1
A452,M,ภาควิชาวิศวกรรมสำรวจ,TCAS3 Admissions,2.23,2.43,2.41,1,B,2,C+,1,D+,1,D+,1,C+,1,C+,1
A453,M,ภาควิชาวิศวกรรมสำรวจ,TCAS3 Admissions,2.97,2.91,3.03,1,D,1,A,1,B,1,C+,1,C+,1,A,1
A454,M,ภาควิชาวิศวกรรมสำรวจ,TCAS3 Admissions,2.69,1.32,2.26,1,W,1,A,1,D+,1,D,1,B,1,D,1
A455,F,ภาควิชาวิศวกรรมสำรวจ,TCAS3 Admissions,3.29,3.56,3.46,1,B,1,A,1,B,1,B+,1,A,1,B+,1
A456,M,ภาควิชาวิศวกรรมสำรวจ,TCAS3 Admissions,2.88,2.62,2.98,1,D+,1,A,1,B,1,C,1,C+,1,A,1
A457,F,ภาควิชาวิศวกรรมสำรวจ,TCAS3 Admissions,3.15,2.06,2.69,1,W,1,A,1,C+,1,D+,1,B,1,C,1
A458,M,ภาควิชาวิศวกรรมเหมืองแร่และปิโตรเลียม,TCAS3 Admissions,0.00,,,1,M,1,A,1,M,1,,,,,,
A459,M,ภาควิชาวิศวกรรมเหมืองแร่และปิโตรเลียม,TCAS3 Admissions,2.47,1.91,2.33,1,C,1,B+,1,D,1,W,1,B,1,D,1
A460,M,ภาควิชาวิศวกรรมเหมืองแร่และปิโตรเลียม,TCAS3 Admissions,2.19,1.79,1.98,1,W,1,B+,1,W,1,D,1,B,1,D+,1
A461,M,ภาควิชาวิศวกรรมเหมืองแร่และปิโตรเลียม,TCAS3 Admissions,2.69,2.86,2.76,1,W,1,A,1,C+,1,W,1,B+,1,B+,1
A462,M,ภาควิชาวิศวกรรมคอมพิวเตอร์,TCAS3 Admissions,3.91,3.55,3.71,1,B+,1,A,1,,,B+,1,A,1,,
A463,M,ภาควิชาวิศวกรรมคอมพิวเตอร์,TCAS3 Admissions,2.53,1.23,1.81,1,D+,1,C+,1,,,F,1,C+,1,,
A464,M,ภาควิชาวิศวกรรมคอมพิวเตอร์,TCAS3 Admissions,3.81,3.55,3.71,1,A,1,A,1,,,C+,1,A,1,,
A465,M,ภาควิชาวิศวกรรมคอมพิวเตอร์,TCAS3 Admissions,4.00,3.70,3.83,1,A,1,A,1,,,A,1,A,1,,
A466,M,ภาควิชาวิศวกรรมคอมพิวเตอร์,TCAS3 Admissions,4.00,3.93,3.96,1,A,1,A,1,,,A,1,A,1,,
A467,M,ภาควิชาวิศวกรรมคอมพิวเตอร์,TCAS3 Admissions,3.91,3.63,3.57,1,A,1,B+,1,,,B,1,A,1,,
A468,M,ภาควิชาวิศวกรรมคอมพิวเตอร์,TCAS3 Admissions,3.53,3.45,3.49,1,B+,1,B+,1,,,B+,1,C+,1,,
A469,M,ภาควิชาวิศวกรรมคอมพิวเตอร์,TCAS3 Admissions,3.91,3.18,3.57,1,A,1,A,1,,,C+,1,B,1,,
A470,M,ภาควิชาวิศวกรรมคอมพิวเตอร์,TCAS3 Admissions,4.00,4.00,4.00,1,A,1,A,1,,,A,1,A,1,,
A471,M,ภาควิชาวิศวกรรมคอมพิวเตอร์,TCAS3 Admissions,3.72,3.20,3.43,1,A,1,A,1,,,B,1,B+,1,,
A472,M,ภาควิชาวิศวกรรมคอมพิวเตอร์,TCAS3 Admissions,4.00,3.23,3.57,1,A,1,A,1,,,C+,1,C+,1,,
A473,M,ภาควิชาวิศวกรรมคอมพิวเตอร์,TCAS3 Admissions,3.91,3.45,3.70,1,A,1,A,1,,,B+,1,B+,1,,
A474,M,ภาควิชาวิศวกรรมคอมพิวเตอร์,TCAS3 Admissions,4.00,4.00,4.00,1,A,1,A,1,,,A,1,A,1,,
A475,M,ภาควิชาวิศวกรรมคอมพิวเตอร์,TCAS3 Admissions,3.53,2.40,2.99,1,A,1,A,1,,,C,1,B,1,,
A476,M,ภาควิชาวิศวกรรมคอมพิวเตอร์,TCAS3 Admissions,3.81,2.82,3.30,1,A,1,A,1,,,C+,1,B+,1,,
A477,F,ภาควิชาวิศวกรรมคอมพิวเตอร์,TCAS3 Admissions,4.00,3.48,3.71,1,A,1,A,1,,,B,1,A,1,,
A478,M,ภาควิชาวิศวกรรมคอมพิวเตอร์,TCAS3 Admissions,4.00,3.93,3.96,1,A,1,A,1,,,A,1,A,1,,
A479,M,ภาควิชาวิศวกรรมคอมพิวเตอร์,TCAS3 Admissions,4.00,3.48,3.71,1,A,1,A,1,,,C,1,B+,1,,
A480,M,ภาควิชาวิศวกรรมคอมพิวเตอร์,TCAS3 Admissions,3.63,3.13,3.40,1,A,1,B+,1,,,B,1,A,1,,
A481,M,ภาควิชาวิศวกรรมคอมพิวเตอร์,TCAS3 Admissions,3.53,3.15,3.31,1,A,1,A,1,,,C+,1,B+,1,,
A482,M,ภาควิชาวิศวกรรมคอมพิวเตอร์,TCAS3 Admissions,3.81,3.90,3.86,1,A,1,A,1,,,A,1,A,1,,
A483,M,ภาควิชาวิศวกรรมคอมพิวเตอร์,TCAS3 Admissions,4.00,3.60,3.78,1,A,1,A,1,,,B+,1,A,1,,
A484,M,ภาควิชาวิศวกรรมคอมพิวเตอร์,TCAS3 Admissions,4.00,3.93,3.96,1,A,1,A,1,,,A,1,A,1,,
A485,M,ภาควิชาวิศวกรรมคอมพิวเตอร์,TCAS3 Admissions,4.00,4.00,4.00,1,A,1,A,1,,,A,1,A,1,,
A486,M,ภาควิชาวิศวกรรมคอมพิวเตอร์,TCAS3 Admissions,3.31,3.63,3.48,,,,,,,,,,,,,
A487,M,ภาควิชาวิศวกรรมคอมพิวเตอร์,TCAS3 Admissions,3.81,3.38,3.57,1,B+,1,A,1,,,B,1,A,1,,
A488,M,ภาควิชาวิศวกรรมคอมพิวเตอร์,TCAS3 Admissions,3.91,3.63,3.75,1,B+,1,A,1,,,A,1,A,1,,
A489,M,ภาควิชาวิศวกรรมคอมพิวเตอร์,TCAS3 Admissions,4.00,3.93,3.96,1,A,1,A,1,,,B+,1,A,1,,
A490,M,ภาควิชาวิศวกรรมคอมพิวเตอร์,TCAS3 Admissions,4.00,4.00,4.00,1,A,1,A,1,,,A,1,A,1,,
A491,M,ภาควิชาวิศวกรรมคอมพิวเตอร์,TCAS3 Admissions,2.75,0.00,1.57,1,C,1,B,1,,,F,1,,,,
A492,M,ภาควิชาวิศวกรรมคอมพิวเตอร์,TCAS3 Admissions,3.34,3.32,3.33,1,A,1,A,1,,,C,1,B,1,,
A493,M,ภาควิชาวิศวกรรมคอมพิวเตอร์,TCAS3 Admissions,4.00,3.90,3.94,1,A,1,A,1,,,A,1,A,1,,
A494,F,ภาควิชาวิศวกรรมคอมพิวเตอร์,TCAS3 Admissions,2.69,2.76,2.73,1,B,1,D,1,,,C,1,A,1,,
A495,M,ภาควิชาวิศวกรรมคอมพิวเตอร์,TCAS3 Admissions,3.00,3.10,3.06,1,C+,1,C,1,,,D+,1,C,1,,
A496,M,ภาควิชาวิศวกรรมคอมพิวเตอร์,TCAS3 Admissions,3.44,2.85,3.11,1,C+,1,A,1,,,C,1,C+,1,,
A497,M,ภาควิชาวิศวกรรมคอมพิวเตอร์,TCAS3 Admissions,3.81,3.63,3.71,1,A,1,A,1,,,B,1,A,1,,
A498,M,ภาควิชาวิศวกรรมคอมพิวเตอร์,TCAS3 Admissions,3.06,2.75,3.01,1,C,1,B+,1,,,D+,1,B+,1,,
A499,M,ภาควิชาวิศวกรรมคอมพิวเตอร์,TCAS3 Admissions,3.91,3.63,3.75,1,A,1,A,1,,,B,1,A,1,,
A500,M,ภาควิชาวิศวกรรมคอมพิวเตอร์,TCAS3 Admissions,4.00,4.00,4.00,1,A,1,A,1,,,A,1,A,1,,
A501,M,ภาควิชาวิศวกรรมคอมพิวเตอร์,TCAS3 Admissions,3.39,2.75,3.10,1,A,1,A,1,,,B+,1,,,,
A502,M,ภาควิชาวิศวกรรมคอมพิวเตอร์,TCAS3 Admissions,3.58,3.33,3.45,1,A,1,A,1,,,B,1,A,1,,
A503,M,ภาควิชาวิศวกรรมคอมพิวเตอร์,TCAS3 Admissions,3.72,3.35,3.51,1,A,1,A,1,,,C+,1,B,1,,
A504,M,ภาควิชาวิศวกรรมคอมพิวเตอร์,TCAS3 Admissions,3.53,0.00,1.57,1,A,1,B+,1,,,F,1,F,1,,
A505,M,ภาควิชาวิศวกรรมคอมพิวเตอร์,TCAS3 Admissions,3.81,3.68,3.74,1,A,1,A,1,,,C+,1,B+,1,,
A506,M,ภาควิชาวิศวกรรมคอมพิวเตอร์,TCAS3 Admissions,4.00,4.00,4.00,1,A,1,A,1,,,A,1,A,1,,
A507,M,ภาควิชาวิศวกรรมคอมพิวเตอร์,TCAS3 Admissions,3.72,3.55,3.63,1,A,1,A,1,,,B,1,A,1,,
A508,M,ภาควิชาวิศวกรรมคอมพิวเตอร์,TCAS3 Admissions,3.53,3.29,3.42,1,B+,1,A,1,,,B,1,A,1,,
A509,F,ภาควิชาวิศวกรรมคอมพิวเตอร์,TCAS3 Admissions,3.13,3.39,3.26,,,,,,,,,,,,,
A510,F,ภาควิชาวิศวกรรมนิวเคลียร์,TCAS3 Admissions,2.74,1.88,2.54,1,D,1,A,1,C+,1,D+,1,B,1,D,1
A511,F,ภาควิชาวิศวกรรมนิวเคลียร์,TCAS3 Admissions,2.91,1.41,2.14,1,D,1,A,1,B+,1,D+,1,B+,1,D,1
A512,M,ภาควิชาวิศวกรรมนิวเคลียร์,TCAS3 Admissions,3.53,2.85,3.32,1,A,1,A,1,B,1,B,1,A,1,D,1
A513,M,ภาควิชาวิศวกรรมนิวเคลียร์,TCAS3 Admissions,2.72,0.00,3.06,1,D,1,A,1,C+,1,,,,,,
A514,M,ภาควิชาวิศวกรรมนิวเคลียร์,TCAS3 Admissions,2.74,2.57,2.95,1,D+,1,A,1,C+,1,C+,1,B+,1,C+,1
A515,M,ภาควิชาวิศวกรรมนิวเคลียร์,TCAS3 Admissions,2.56,0.00,,1,W,1,C+,1,C,1,M,1,B,1,M,1
A516,F,ภาควิชาวิศวกรรมนิวเคลียร์,TCAS3 Admissions,2.50,2.59,2.77,1,B,1,A,1,C+,1,B+,1,A,1,D,1
A517,F,ภาควิชาวิศวกรรมนิวเคลียร์,TCAS3 Admissions,3.25,2.76,3.00,1,W,1,A,1,B,1,C+,1,B,1,B,1
A518,M,ภาควิชาวิศวกรรมนิวเคลียร์,TCAS3 Admissions,3.61,3.56,3.64,1,B+,1,A,1,A,1,B+,1,A,1,B+,1
A519,M,ภาควิชาวิศวกรรมนิวเคลียร์,TCAS3 Admissions,0.95,0.00,,1,W,1,W,1,W,1,M,1,F,1,M,1
A520,M,ภาควิชาวิศวกรรมโลหการ,TCAS3 Admissions,2.59,2.25,2.58,1,D+,1,A,1,C+,1,C,1,B+,1,C+,1
A521,M,ภาควิชาวิศวกรรมโลหการ,TCAS3 Admissions,2.31,2.53,2.64,1,W,1,B+,1,D+,1,D,1,C+,1,B,1
A522,M,ภาควิชาวิศวกรรมโลหการ,TCAS3 Admissions,2.92,2.63,2.82,1,W,1,A,1,C+,1,C,1,C+,1,A,1
A523,M,ภาควิชาวิศวกรรมโลหการ,TCAS3 Admissions,3.25,2.91,3.06,1,D,2,B+,1,B+,1,C+,1,B+,1,C+,1
A524,M,ภาควิชาวิศวกรรมโลหการ,TCAS3 Admissions,2.62,2.21,2.39,1,W,1,B+,1,D+,1,C,1,B,1,W,1
A525,F,ภาควิชาวิศวกรรมโลหการ,TCAS3 Admissions,2.06,1.96,2.02,1,W,1,A,1,D,1,C+,1,B,1,W,1
A526,M,ภาควิชาวิศวกรรมโลหการ,TCAS3 Admissions,2.28,1.44,2.03,1,D,1,A,1,D+,1,D,1,B,1,D+,1
A527,M,ภาควิชาวิศวกรรมโลหการ,TCAS3 Admissions,2.11,2.21,2.21,1,D,2,A,1,C,1,D+,1,B,1,D+,1
A528,M,ภาควิชาวิศวกรรมโลหการ,TCAS3 Admissions,2.72,1.76,2.31,1,C,2,B+,1,B,1,D+,1,C+,1,D,1
A529,M,ภาควิชาวิศวกรรมโลหการ,TCAS3 Admissions,1.47,1.24,1.35,1,W,1,C,1,D+,1,D,1,B,1,F,1
A530,F,ภาควิชาวิศวกรรมโลหการ,TCAS3 Admissions,2.31,2.04,2.18,1,D+,2,C,1,D+,1,C+,1,C+,1,D+,1
A531,M,ภาควิชาวิศวกรรมโลหการ,TCAS3 Admissions,2.92,2.61,2.89,1,D,1,A,1,C+,1,C,1,B,1,A,1
A532,F,ภาควิชาวิศวกรรมโลหการ,TCAS3 Admissions,2.68,2.24,2.47,1,D,1,A,1,B,1,C,1,B,1,D+,1
A533,M,ภาควิชาวิศวกรรมโลหการ,TCAS3 Admissions,3.45,3.38,3.42,1,A,1,A,1,A,1,B+,1,A,1,A,1
A534,F,ภาควิชาวิศวกรรมโลหการ,TCAS3 Admissions,2.47,2.36,2.43,1,D,2,B,1,C+,1,C+,1,C+,1,D+,1
A535,M,ภาควิชาวิศวกรรมโลหการ,TCAS3 Admissions,2.71,2.56,2.64,1,D,1,A,1,C+,1,C+,1,B,1,C+,1
A536,F,ภาควิชาวิศวกรรมโลหการ,TCAS3 Admissions,2.38,2.14,2.32,1,D,2,A,1,C,1,W,1,B,1,D,1
A537,M,ภาควิชาวิศวกรรมโลหการ,TCAS3 Admissions,3.27,2.94,3.24,1,W,1,B,1,B+,1,C,1,B,1,B,1
A538,M,ภาควิชาวิศวกรรมโลหการ,TCAS3 Admissions,2.62,1.82,2.26,1,W,1,A,1,C,1,D+,1,B+,1,D+,1
A539,M,ภาควิชาวิศวกรรมโลหการ,TCAS3 Admissions,4.00,3.00,3.50,1,W,1,W,1,W,1,,,,,,
A540,M,ภาควิชาวิศวกรรมโลหการ,TCAS3 Admissions,2.50,2.18,2.64,1,W,1,C,1,C+,1,C,1,C+,1,D+,1
A541,F,ภาควิชาวิศวกรรมโลหการ,TCAS3 Admissions,2.81,2.74,2.85,1,C+,2,B+,1,C,1,C+,1,C+,1,B,1
A542,M,ภาควิชาวิศวกรรมโลหการ,TCAS3 Admissions,2.53,2.41,2.47,1,D+,1,A,1,C+,1,C+,1,B,1,C+,1
A543,M,ภาควิชาวิศวกรรมอุตสาหการ,TCAS3 Admissions,3.76,3.79,3.78,1,B+,1,A,1,B,1,B,1,A,1,A,1
A544,F,ภาควิชาวิศวกรรมอุตสาหการ,TCAS3 Admissions,3.00,2.45,2.72,3,D,1,,,C,1,W,1,,,C+,1
A545,F,ภาควิชาวิศวกรรมอุตสาหการ,TCAS3 Admissions,2.50,3.25,2.75,,,,,,C,1,,,,,,
A546,F,ภาควิชาวิศวกรรมอุตสาหการ,TCAS3 Admissions,2.63,2.33,2.78,1,D,1,A,1,B,1,,,,,,
A547,F,ภาควิชาวิศวกรรมอุตสาหการ,TCAS3 Admissions,3.00,3.50,3.25,,,,,,B,1,,,,,,
A548,M,ภาควิชาวิศวกรรมโยธา,TCAS3 Admissions,4.00,3.88,3.94,1,A,1,A,1,A,1,B+,1,B+,1,A,1
A549,M,ภาควิชาวิศวกรรมโยธา,TCAS3 Admissions,3.59,2.82,3.26,1,C,1,A,1,B+,1,C+,1,B+,1,D,1
A550,M,ภาควิชาวิศวกรรมโยธา,TCAS3 Admissions,3.25,2.74,3.03,1,D+,1,A,1,C,1,C+,1,B+,1,D,1
A551,F,ภาควิชาวิศวกรรมโยธา,TCAS3 Admissions,3.61,3.91,3.75,1,B,1,A,1,A,1,A,1,A,1,A,1
A552,M,ภาควิชาวิศวกรรมโยธา,TCAS3 Admissions,3.66,3.00,3.40,1,A,1,B+,1,B,1,C+,1,B+,1,D+,1
A553,M,ภาควิชาวิศวกรรมโยธา,TCAS3 Admissions,3.68,3.68,3.68,1,B,1,A,1,A,1,B+,1,B+,1,B+,1
A554,M,ภาควิชาวิศวกรรมโยธา,TCAS3 Admissions,3.52,3.74,3.62,1,C+,1,A,1,B,1,A,1,A,1,C+,1
A555,M,ภาควิชาวิศวกรรมโยธา,TCAS3 Admissions,3.66,3.65,3.65,1,B,1,A,1,B+,1,B+,1,A,1,B+,1
A556,M,ภาควิชาวิศวกรรมโยธา,TCAS3 Admissions,2.88,1.61,2.28,1,W,1,A,1,B,1,F,1,C,1,D+,1
A557,M,ภาควิชาวิศวกรรมโยธา,TCAS3 Admissions,2.47,2.54,2.42,1,D,1,A,1,C+,1,D+,1,B,1,B,1
A558,M,ภาควิชาวิศวกรรมเครื่องกล,TCAS2 Quota,3.22,2.53,2.86,1,W,1,B+,1,B,1,D+,1,B,1,C+,1
A559,F,ภาควิชาวิศวกรรมโยธา,TCAS1 Portfolio,1.85,2.12,1.92,1,W,1,A,1,D,1,D+,1,B,1,D,1
A560,M,ภาควิชาวิศวกรรมคอมพิวเตอร์,TCAS1 Portfolio,3.81,3.48,3.63,1,A,1,A,1,,,C+,1,B,1,,
A561,M,ภาควิชาวิศวกรรมคอมพิวเตอร์,TCAS1 Portfolio,0.00,0.00,0.00,,,,,,,,,,,,,
A562,M,ภาควิชาวิศวกรรมคอมพิวเตอร์,TCAS1 Portfolio,3.84,3.63,3.73,1,A,1,B+,1,,,B,1,A,1,,
A563,M,ภาควิชาวิศวกรรมคอมพิวเตอร์,TCAS1 Portfolio,4.00,3.85,3.92,1,A,1,A,1,,,B+,1,A,1,,
A564,M,ภาควิชาวิศวกรรมคอมพิวเตอร์,TCAS1 Portfolio,2.95,2.73,2.92,1,A,1,A,1,,,D+,1,B+,1,,
A565,M,ภาควิชาวิศวกรรมคอมพิวเตอร์,TCAS1 Portfolio,3.44,3.45,3.52,1,A,1,A,1,,,B,1,A,1,,
A566,M,ภาควิชาวิศวกรรมคอมพิวเตอร์,TCAS1 Portfolio,3.06,2.78,3.02,1,A,1,A,1,,,C,1,B,1,,
A567,M,ภาควิชาวิศวกรรมคอมพิวเตอร์,TCAS1 Portfolio,4.00,3.93,3.96,1,A,1,A,1,,,A,1,A,1,,
A568,M,ภาควิชาวิศวกรรมคอมพิวเตอร์,TCAS1 Portfolio,3.92,4.00,3.96,1,A,1,A,1,,,A,1,A,1,,
A569,M,ภาควิชาวิศวกรรมคอมพิวเตอร์,TCAS1 Portfolio,3.53,3.30,3.49,1,A,1,A,1,,,C+,1,B+,1,,
A570,M,ภาควิชาวิศวกรรมคอมพิวเตอร์,TCAS1 Portfolio,3.37,2.85,3.10,1,A,1,A,1,,,C+,1,B,1,,
A571,M,ภาควิชาวิศวกรรมคอมพิวเตอร์,TCAS1 Portfolio,3.63,3.55,3.58,1,A,1,A,1,,,C+,1,A,1,,
A572,M,ภาควิชาวิศวกรรมคอมพิวเตอร์,TCAS1 Portfolio,4.00,3.60,3.79,1,A,1,A,1,,,C+,1,B+,1,,
A573,M,ภาควิชาวิศวกรรมคอมพิวเตอร์,TCAS1 Portfolio,0.00,0.00,0.00,,,,,,,,,,,,,
A574,M,ภาควิชาวิศวกรรมคอมพิวเตอร์,TCAS1 Portfolio,3.16,3.54,3.44,1,A,1,A,1,,,W,1,B+,1,,
A575,M,ภาควิชาวิศวกรรมคอมพิวเตอร์,TCAS1 Portfolio,3.44,2.65,3.00,1,A,1,B+,1,,,D+,1,C+,1,,
A576,M,ภาควิชาวิศวกรรมคอมพิวเตอร์,TCAS1 Portfolio,3.25,2.75,3.08,1,A,1,A,1,,,D+,1,B+,1,,
A577,M,ภาควิชาวิศวกรรมคอมพิวเตอร์,TCAS1 Portfolio,4.00,4.00,4.00,1,A,1,A,1,,,A,1,A,1,,
A578,M,ภาควิชาวิศวกรรมคอมพิวเตอร์,TCAS1 Portfolio,3.13,2.78,2.93,1,A,1,A,1,,,D+,1,B,1,,
A579,M,ภาควิชาวิศวกรรมคอมพิวเตอร์,TCAS1 Portfolio,3.72,3.85,3.79,1,A,1,A,1,,,B+,1,A,1,,
A580,M,ภาควิชาวิศวกรรมคอมพิวเตอร์,TCAS1 Portfolio,3.53,2.93,3.19,1,A,1,A,1,,,C,1,B+,1,,
A581,M,ภาควิชาวิศวกรรมคอมพิวเตอร์,TCAS1 Portfolio,3.84,2.98,3.48,1,A,1,A,1,,,D+,1,B+,1,,
A582,M,ภาควิชาวิศวกรรมคอมพิวเตอร์,TCAS1 Portfolio,3.63,3.68,3.67,1,A,1,B,1,,,C+,1,B+,1,,
A583,M,ภาควิชาวิศวกรรมคอมพิวเตอร์,TCAS1 Portfolio,3.92,3.38,3.64,1,A,1,A,1,,,C+,1,B+,1,,
A584,M,ภาควิชาวิศวกรรมคอมพิวเตอร์,TCAS1 Portfolio,3.72,3.05,3.35,1,A,1,B+,1,,,C,1,B,1,,
A585,M,ภาควิชาวิศวกรรมคอมพิวเตอร์,TCAS1 Portfolio,3.03,2.95,2.99,1,A,1,A,1,,,D+,1,B+,1,,
A586,F,ภาควิชาวิศวกรรมคอมพิวเตอร์,TCAS1 Portfolio,3.72,3.85,3.79,1,A,1,A,1,,,B+,1,A,1,,
A587,M,ภาควิชาวิศวกรรมคอมพิวเตอร์,TCAS1 Portfolio,4.00,4.00,4.00,1,A,1,A,1,,,A,1,A,1,,
A588,F,ภาควิชาวิศวกรรมคอมพิวเตอร์,TCAS1 Portfolio,3.45,3.35,3.40,1,A,1,A,1,,,C+,1,B+,1,,
A589,M,ภาควิชาวิศวกรรมคอมพิวเตอร์,TCAS1 Portfolio,3.13,2.71,2.91,1,A,1,A,1,,,D+,1,C+,1,,
A590,M,ภาควิชาวิศวกรรมคอมพิวเตอร์,TCAS1 Portfolio,3.53,3.15,3.32,1,A,1,A,1,,,C+,1,B+,1,,
A591,M,ภาควิชาวิศวกรรมเครื่องกล,TCAS1 Portfolio,3.84,3.82,3.83,1,A,1,A,1,B+,1,A,1,A,1,A,1
A592,M,ภาควิชาวิศวกรรมคอมพิวเตอร์,TCAS1 Portfolio,4.00,3.93,3.96,1,A,1,A,1,,,B+,1,A,1,,
A593,M,ภาควิชาวิศวกรรมคอมพิวเตอร์,TCAS1 Portfolio,3.34,3.33,3.33,1,A,1,A,1,,,C,1,A,1,,
A594,M,ภาควิชาวิศวกรรมคอมพิวเตอร์,TCAS1 Portfolio,3.16,2.90,3.09,1,A,1,B,1,,,C,1,B+,1,,
A595,M,ภาควิชาวิศวกรรมคอมพิวเตอร์,TCAS1 Portfolio,3.91,3.98,3.94,1,A,1,B+,1,,,A,1,A,1,,
A596,M,ภาควิชาวิศวกรรมไฟฟ้า,TCAS2 Quota,3.58,3.12,3.36,1,A,1,A,1,B,1,C+,1,B,1,A,1
A597,M,ภาควิชาวิศวกรรมคอมพิวเตอร์,TCAS2 Quota,3.76,3.82,3.79,1,A,1,A,1,B+,1,B+,1,A,1,A,1
A598,F,ภาควิชาวิศวกรรมอุตสาหการ,TCAS2 Quota,3.13,3.41,3.26,1,D+,1,B+,1,C,1,B,1,A,1,A,1
A599,M,ภาควิชาวิศวกรรมเครื่องกล,TCAS2 Quota,2.71,2.74,2.87,1,C+,1,A,1,C,1,C,1,B+,1,B+,1
A600,M,ภาควิชาวิศวกรรมอุตสาหการ,TCAS2 Quota,3.29,2.88,3.10,1,B+,1,A,1,C+,1,C+,1,B+,1,B,1
A601,M,ภาควิชาวิศวกรรมเครื่องกล,TCAS2 Quota,2.71,2.53,2.63,1,C,1,B,1,C+,1,D+,1,B,1,A,1
A602,M,ภาควิชาวิศวกรรมเครื่องกล,TCAS2 Quota,3.41,3.66,3.54,2,A,1,A,1,A,1,B,1,B,1,A,1
A603,M,ภาควิชาวิศวกรรมสำรวจ,TCAS2 Quota,2.07,1.37,1.86,2,W,2,B+,1,F,1,D+,2,C+,1,D+,1
A604,M,ไม่สังกัดภาควิชา/เทียบเท่า,TCAS2 Quota,0.00,,,,,,,,,,M,1,F,1,M,1
A605,F,ภาควิชาวิศวกรรมอุตสาหการ,TCAS2 Quota,3.53,3.68,3.64,2,C,1,A,1,A,1,B,1,B+,1,C+,1
A606,M,ภาควิชาวิศวกรรมคอมพิวเตอร์,TCAS2 Quota,3.82,3.76,3.79,2,A,1,A,1,B+,1,B+,1,A,1,A,1
A607,M,ภาควิชาวิศวกรรมโยธา,TCAS2 Quota,2.71,3.18,2.96,2,A,1,A,1,B,1,C+,1,C+,1,B,1
A608,M,ภาควิชาวิศวกรรมโยธา,TCAS2 Quota,2.29,2.75,2.52,2,B,1,A,1,D,1,D,1,C+,1,C,1
A609,M,ภาควิชาวิศวกรรมคอมพิวเตอร์,TCAS2 Quota,3.68,3.76,3.72,2,A,1,A,1,B+,1,B,1,B,1,A,1
A610,M,ไม่สังกัดภาควิชา/เทียบเท่า,TCAS2 Quota,2.06,1.89,1.97,2,F,1,A,1,D,1,C,1,B,1,D+,1
A611,M,ภาควิชาวิศวกรรมไฟฟ้า,TCAS1 Portfolio,3.11,2.57,2.78,2,F,1,A,1,C+,1,C,1,C,1,D,2
A612,M,ภาควิชาวิศวกรรมเครื่องกล,TCAS1 Portfolio,3.62,4.00,3.85,2,A,1,A,1,A,1,B+,1,B+,1,A,1
A613,M,ภาควิชาวิศวกรรมนิวเคลียร์,TCAS1 Portfolio,2.15,2.21,2.18,2,B,1,B,1,C+,1,D+,1,B,1,D+,1
A614,M,ไม่สังกัดภาควิชา/เทียบเท่า,TCAS1 Portfolio,4.00,0.00,4.00,,,,,,,,W,1,W,1,W,1
A615,M,ภาควิชาวิศวกรรมโลหการ,TCAS1 Portfolio,1.47,2.25,2.14,2,D+,1,A,1,D+,1,D,1,C,1,D+,1
A616,M,ภาควิชาวิศวกรรมโลหการ,TCAS1 Portfolio,2.06,2.08,2.07,2,A,1,B+,1,D+,1,D,1,B,1,C+,1
A617,M,ภาควิชาวิศวกรรมเคมี,TCAS1 Portfolio,3.35,3.50,3.43,2,B+,1,A,1,B,1,B,1,B+,1,A,1
A618,F,ภาควิชาวิศวกรรมโยธา,TCAS1 Portfolio,2.59,2.79,2.69,2,D+,1,A,1,B+,1,C,1,A,1,C,1
A619,M,ภาควิชาวิศวกรรมโยธา,TCAS1 Portfolio,2.06,2.66,2.46,2,B,1,A,1,D+,1,D,1,C+,1,C,2
A620,M,ภาควิชาวิศวกรรมโลหการ,TCAS1 Portfolio,2.50,2.68,2.74,2,A,1,A,1,C,1,C,1,B,1,D,2
A621,M,ภาควิชาวิศวกรรมเคมี,TCAS1 Portfolio,2.06,2.66,2.40,2,B,1,A,1,C+,1,D+,1,B,1,B,2
A622,M,ภาควิชาวิศวกรรมอุตสาหการ,TCAS1 Portfolio,3.07,3.18,3.26,2,C+,1,A,1,B,1,B,1,B,1,B,2
A623,F,ภาควิชาวิศวกรรมไฟฟ้า,TCAS1 Portfolio,3.56,3.84,3.71,2,A,1,A,1,A,1,B,1,A,1,A,1
A624,M,ภาควิชาวิศวกรรมเครื่องกล,TCAS1 Portfolio,3.74,4.00,3.88,2,A,1,A,1,A,1,A,1,A,1,A,1
A625,M,ภาควิชาวิศวกรรมเคมี,TCAS1 Portfolio,1.76,2.76,2.29,2,A,1,A,1,C,1,D,1,B,1,C+,1
A626,M,ภาควิชาวิศวกรรมเคมี,TCAS1 Portfolio,1.31,2.84,2.20,2,A,1,A,1,D+,1,F,1,W,1,C+,1
A627,M,ไม่สังกัดภาควิชา/เทียบเท่า,TCAS1 Portfolio,0.96,1.84,1.43,2,D+,1,A,1,D,1,F,1,C+,1,W,2
A628,M,ภาควิชาวิศวกรรมสำรวจ,TCAS1 Portfolio,1.76,2.26,2.03,2,B+,1,A,1,B,1,D+,1,C+,1,C+,1
A629,M,ภาควิชาวิศวกรรมไฟฟ้า,TCAS1 Portfolio,3.18,3.42,3.31,2,A,1,A,1,B+,1,C+,1,B+,1,C,1
A630,M,ภาควิชาวิศวกรรมสิ่งแวดล้อม,TCAS1 Portfolio,2.29,2.66,2.48,2,C,1,A,1,C+,1,D+,1,B,1,C+,1
A631,F,ภาควิชาวิศวกรรมนิวเคลียร์,TCAS1 Portfolio,2.50,3.00,2.69,2,D,2,A,1,D+,1,D+,1,B+,1,C+,1
A632,M,ภาควิชาวิศวกรรมอุตสาหการ,TCAS1 Portfolio,3.15,3.37,3.26,2,B+,1,A,1,B+,1,C+,1,B+,1,B+,1
A633,M,ภาควิชาวิศวกรรมเครื่องกล,TCAS1 Portfolio,3.56,3.89,3.74,2,A,1,A,1,B+,1,B+,1,A,1,C,1
A634,F,ภาควิชาวิศวกรรมสิ่งแวดล้อม,TCAS1 Portfolio,1.23,2.04,2.03,2,D,2,A,1,D,1,D,1,B,1,D,2
A635,M,ภาควิชาวิศวกรรมไฟฟ้า,TCAS1 Portfolio,3.03,3.11,3.17,2,W,2,A,1,B,1,B,1,A,1,B,1
A636,F,ไม่สังกัดภาควิชา/เทียบเท่า,TCAS1 Portfolio,2.30,0.00,,2,,1,,1,,1,C,1,B+,1,,2
A637,M,ภาควิชาวิศวกรรมโยธา,TCAS1 Portfolio,2.29,2.55,2.67,2,D,1,A,1,C,1,D+,1,B,1,B,2
A638,F,ภาควิชาวิศวกรรมโยธา,TCAS1 Portfolio,1.45,2.25,2.35,2,D,1,A,1,B,1,D+,1,B+,1,C+,2
A639,M,ภาควิชาวิศวกรรมไฟฟ้า,TCAS1 Portfolio,3.65,3.76,3.75,2,A,1,A,1,B+,1,B,1,A,1,A,1
A640,F,ไม่สังกัดภาควิชา/เทียบเท่า,TCAS1 Portfolio,1.05,1.63,1.42,2,D+,1,B,1,D+,1,W,2,B,1,D,2
A641,M,ภาควิชาวิศวกรรมคอมพิวเตอร์,TCAS1 Portfolio,3.65,3.84,3.75,2,A,1,A,1,B+,1,B+,1,A,1,B+,1
A642,M,ภาควิชาวิศวกรรมคอมพิวเตอร์,TCAS1 Portfolio,3.29,3.80,3.60,2,A,1,A,1,A,1,B,1,B,1,B+,2
A643,M,ภาควิชาวิศวกรรมสิ่งแวดล้อม,TCAS1 Portfolio,2.50,3.45,2.97,2,D,2,A,1,B,1,D+,1,C+,1,C+,1
A644,M,ภาควิชาวิศวกรรมอุตสาหการ,TCAS1 Portfolio,2.79,3.58,3.21,2,A,1,A,1,A,1,C,1,B,1,A,1
A645,F,ภาควิชาวิศวกรรมสำรวจ,TCAS1 Portfolio,1.91,2.72,2.56,2,D,1,A,1,B,1,C+,1,B,1,D+,1
A646,M,ภาควิชาวิศวกรรมนิวเคลียร์,TCAS1 Portfolio,1.71,1.97,1.96,2,W,1,A,1,C,1,C,1,B,1,D,2
A647,M,ภาควิชาวิศวกรรมเครื่องกล,TCAS1 Portfolio,2.50,3.24,2.94,2,A,1,A,1,A,1,C,1,B,1,C,1
A648,F,ภาควิชาวิศวกรรมสำรวจ,TCAS1 Portfolio,0.95,2.12,1.88,3,W,1,A,1,D,1,W,1,W,1,D+,2
A649,M,ภาควิชาวิศวกรรมโลหการ,TCAS1 Portfolio,2.32,2.41,2.38,2,D+,1,A,1,B+,1,C+,1,B+,1,D+,2
A650,M,ภาควิชาวิศวกรรมโยธา,TCAS1 Portfolio,2.18,2.68,2.47,2,B+,1,A,1,D+,1,C,2,B,1,D+,1
A651,F,ภาควิชาวิศวกรรมโยธา,TCAS1 Portfolio,2.44,2.74,2.60,2,D+,1,A,1,C+,1,C+,1,B,1,W,2
A652,M,ภาควิชาวิศวกรรมเหมืองแร่และปิโตรเลียม,TCAS1 Portfolio,2.76,3.50,3.15,2,C+,1,A,1,A,1,C,1,C+,1,D+,1
A653,F,ภาควิชาวิศวกรรมไฟฟ้า,TCAS1 Portfolio,2.68,3.07,2.90,2,C,1,A,1,B,1,C,1,C+,1,B,2
A654,F,ภาควิชาวิศวกรรมสำรวจ,TCAS1 Portfolio,1.86,2.29,2.21,2,W,2,A,1,C+,1,C,1,B,1,D+,2
A655,F,ภาควิชาวิศวกรรมสำรวจ,TCAS1 Portfolio,2.11,1.97,2.10,2,D,2,B+,1,D,1,C,1,B,1,C,2
A656,M,ภาควิชาวิศวกรรมโยธา,TCAS1 Portfolio,2.25,2.09,2.42,2,D+,1,A,1,C+,1,C,1,C+,1,D,2
A657,M,ภาควิชาวิศวกรรมไฟฟ้า,TCAS1 Portfolio,4.00,4.00,4.00,2,A,1,A,1,A,1,A,1,A,1,A,1
A658,M,ภาควิชาวิศวกรรมโลหการ,TCAS1 Portfolio,1.19,2.62,2.31,2,W,2,A,1,B,1,F,1,C+,1,W,2
A659,M,ภาควิชาวิศวกรรมอุตสาหการ,TCAS1 Portfolio,3.35,3.68,3.53,2,A,1,A,1,A,1,B,1,B+,1,A,1
A660,F,ภาควิชาวิศวกรรมเหมืองแร่และปิโตรเลียม,TCAS1 Portfolio,2.00,1.58,1.74,2,W,1,A,1,W,1,D+,1,C+,1,F,2
A661,M,ภาควิชาวิศวกรรมไฟฟ้า,TCAS1 Portfolio,3.82,3.92,3.88,2,A,1,A,1,A,1,A,1,A,1,A,1
A662,F,ภาควิชาวิศวกรรมสิ่งแวดล้อม,TCAS1 Portfolio,2.64,2.63,2.63,2,D+,1,A,1,C+,1,C,1,B+,1,C+,1
A663,M,ภาควิชาวิศวกรรมเคมี,TCAS1 Portfolio,2.91,2.97,2.94,2,C+,1,A,1,C+,1,C,1,B+,1,A,1
A664,M,ภาควิชาวิศวกรรมไฟฟ้า,TCAS1 Portfolio,2.96,2.55,2.71,2,F,1,A,1,C+,1,C+,1,B,1,D,2
A665,F,ภาควิชาวิศวกรรมเคมี,TCAS1 Portfolio,1.74,2.16,2.00,2,D,1,A,1,C+,1,D+,1,B,1,D,1
A666,F,ภาควิชาวิศวกรรมเคมี,TCAS1 Portfolio,2.65,2.58,2.61,2,C,1,A,1,C+,1,C+,1,B+,1,C+,1
A667,F,ไม่สังกัดภาควิชา/เทียบเท่า,TCAS1 Portfolio,1.68,2.11,1.94,2,D+,1,A,1,D+,1,D+,1,B+,1,B+,2
A668,F,ภาควิชาวิศวกรรมเหมืองแร่และปิโตรเลียม,TCAS1 Portfolio,1.63,2.15,1.92,2,W,1,A,1,F,1,D,1,B,1,W,2
A669,M,ภาควิชาวิศวกรรมเหมืองแร่และปิโตรเลียม,TCAS1 Portfolio,1.56,2.50,2.14,2,D,1,B+,1,D+,1,F,1,C,1,W,2
A670,M,ภาควิชาวิศวกรรมโยธา,TCAS1 Portfolio,1.96,2.45,2.40,2,D,1,A,1,C+,1,D+,1,B,1,B,2
A671,M,ภาควิชาวิศวกรรมเครื่องกล,TCAS1 Portfolio,2.65,3.16,2.87,2,A,1,B,1,A,1,D,1,B+,1,A,1
A672,F,ภาควิชาวิศวกรรมไฟฟ้า,TCAS1 Portfolio,3.36,3.50,3.49,2,A,1,A,1,B,1,B,1,A,1,B,2
A673,M,ภาควิชาวิศวกรรมเหมืองแร่และปิโตรเลียม,TCAS1 Portfolio,1.65,2.28,1.92,2,W,1,B+,1,C+,1,D+,1,C+,1,B,1
A674,F,ภาควิชาวิศวกรรมอุตสาหการ,TCAS1 Portfolio,3.65,3.84,3.75,2,A,1,A,1,B+,1,C+,1,A,1,A,1
A675,M,ภาควิชาวิศวกรรมเคมี,TCAS1 Portfolio,1.64,2.29,1.94,2,D,2,B+,1,C,1,D+,1,B,1,C,2
A676,M,ภาควิชาวิศวกรรมเคมี,TCAS1 Portfolio,2.50,2.92,2.94,2,D+,1,A,1,A,1,B,1,B,1,C+,1
A677,M,ภาควิชาวิศวกรรมไฟฟ้า,TCAS1 Portfolio,3.21,3.76,3.50,2,A,1,A,1,B+,1,C+,1,A,1,C+,1
A678,M,ภาควิชาวิศวกรรมโยธา,TCAS1 Portfolio,2.75,2.47,2.69,2,D+,1,A,1,C,1,C+,1,B,1,C+,1
A679,M,ภาควิชาวิศวกรรมโยธา,TCAS1 Portfolio,2.35,2.79,2.79,2,B+,1,A,1,C,1,D+,1,B,1,C+,1
A680,M,ภาควิชาวิศวกรรมโยธา,TCAS1 Portfolio,3.00,3.21,3.18,2,D+,1,A,1,B,1,C+,1,B+,1,C+,1
A681,M,ภาควิชาวิศวกรรมโยธา,TCAS1 Portfolio,2.09,3.16,2.76,2,A,1,A,1,B+,1,C,1,B,1,D+,1
A682,M,ภาควิชาวิศวกรรมโยธา,TCAS1 Portfolio,2.29,2.97,2.74,2,A,1,B+,1,B,1,C+,1,B+,1,C+,1
A683,M,ภาควิชาวิศวกรรมคอมพิวเตอร์,TCAS1 Portfolio,3.62,3.92,3.78,2,A,1,A,1,A,1,A,1,B+,1,C+,1
A684,M,ภาควิชาวิศวกรรมเหมืองแร่และปิโตรเลียม,TCAS1 Portfolio,3.18,3.05,3.23,2,D+,1,A,1,B,1,C+,1,A,1,C+,1
A685,M,ภาควิชาวิศวกรรมเครื่องกล,TCAS1 Portfolio,2.88,2.87,2.88,2,B,1,A,1,B,1,C+,1,B,1,B+,1
A686,M,ภาควิชาวิศวกรรมไฟฟ้า,TCAS1 Portfolio,2.50,3.13,2.83,2,C,1,A,1,B+,1,C+,1,B+,1,C,1
A687,F,ภาควิชาวิศวกรรมเคมี,TCAS1 Portfolio,1.32,1.91,2.02,2,D,1,A,1,C,1,D+,1,C+,1,D+,2
A688,M,ภาควิชาวิศวกรรมโยธา,TCAS1 Portfolio,2.79,2.58,2.68,2,D,1,A,1,D+,1,D+,1,B,1,B,1
A689,M,ภาควิชาวิศวกรรมสำรวจ,TCAS1 Portfolio,2.26,2.65,2.58,2,W,1,A,1,C,1,B,1,B,1,C+,1
A690,M,ภาควิชาวิศวกรรมไฟฟ้า,TCAS1 Portfolio,2.82,2.89,2.86,2,C,1,A,1,B,1,C,1,A,1,D+,2
A691,M,ภาควิชาวิศวกรรมโยธา,TCAS1 Portfolio,1.68,2.39,2.20,2,D+,1,A,1,B+,1,D+,1,B,1,C+,2
A692,M,ไม่สังกัดภาควิชา/เทียบเท่า,TCAS1 Portfolio,0.95,1.23,1.14,2,D,1,A,1,D+,1,F,1,C+,1,F,2
A693,M,ภาควิชาวิศวกรรมโลหการ,TCAS1 Portfolio,1.61,1.78,1.70,2,W,1,A,1,C+,1,D+,1,B,1,C+,1
A694,M,ภาควิชาวิศวกรรมโลหการ,TCAS1 Portfolio,1.21,2.03,2.07,2,D,1,A,1,C,1,D+,1,B,1,D,1
A695,M,ภาควิชาวิศวกรรมอุตสาหการ,TCAS1 Portfolio,3.74,3.66,3.72,2,B+,1,A,1,B+,1,B,1,A,1,A,1
A696,M,ภาควิชาวิศวกรรมอุตสาหการ,TCAS1 Portfolio,3.24,3.58,3.42,2,A,1,A,1,A,1,C,1,B,1,A,1
A697,M,ภาควิชาวิศวกรรมเคมี,TCAS1 Portfolio,1.65,2.18,1.94,2,D+,1,A,1,C,1,D,1,C+,1,C+,1
A698,M,ภาควิชาวิศวกรรมโยธา,TCAS1 Portfolio,2.24,2.00,2.20,2,C,1,A,1,D+,1,C,1,B,1,A,1
A699,M,ภาควิชาวิศวกรรมเหมืองแร่และปิโตรเลียม,TCAS1 Portfolio,2.53,2.55,2.68,2,D+,1,B+,1,C+,1,C,1,B,1,C+,1
A700,F,ภาควิชาวิศวกรรมเคมี,TCAS1 Portfolio,2.41,2.92,2.76,2,C+,2,A,1,B,1,C,1,B,1,C+,1
A701,M,ภาควิชาวิศวกรรมไฟฟ้า,TCAS1 Portfolio,3.53,3.73,3.64,2,C,1,A,1,A,1,B+,1,B+,1,C+,1
A702,F,ภาควิชาวิศวกรรมเหมืองแร่และปิโตรเลียม,TCAS1 Portfolio,1.36,1.63,1.52,2,D,1,A,1,D,1,C,1,C+,1,D+,2
A703,F,ภาควิชาวิศวกรรมเคมี,TCAS1 Portfolio,2.09,2.34,2.21,2,W,1,A,1,C,1,D+,1,B,1,C,2
A704,F,ภาควิชาวิศวกรรมไฟฟ้า,TCAS1 Portfolio,2.79,3.47,3.15,2,A,1,A,1,A,1,C,1,B+,1,B,1
A705,F,ภาควิชาวิศวกรรมสำรวจ,TCAS1 Portfolio,1.14,1.75,1.51,2,D,1,A,1,C,1,D+,1,C+,1,D+,2
A706,M,ภาควิชาวิศวกรรมเครื่องกล,TCAS1 Portfolio,2.56,3.21,2.99,2,A,1,A,1,C+,1,C,1,B+,1,B,1
A707,M,ภาควิชาวิศวกรรมคอมพิวเตอร์,TCAS1 Portfolio,3.46,4.00,3.79,2,A,1,A,1,A,1,B,1,A,1,A,2
A708,F,ภาควิชาวิศวกรรมโลหการ,TCAS1 Portfolio,1.35,2.00,1.96,2,D,1,A,1,D,1,D+,1,C,1,D,2
A709,F,ภาควิชาวิศวกรรมสำรวจ,TCAS1 Portfolio,1.82,2.31,2.47,2,D,1,A,1,D,1,D,1,C+,1,D,1
A710,M,ภาควิชาวิศวกรรมเครื่องกล,TCAS1 Portfolio,2.71,2.89,2.90,2,C,1,B+,1,B,1,C,1,B+,1,C,1
A711,M,ภาควิชาวิศวกรรมไฟฟ้า,TCAS1 Portfolio,3.91,3.84,3.86,2,A,1,A,1,A,1,A,1,A,1,B+,1
A712,F,ภาควิชาวิศวกรรมเครื่องกล,TCAS1 Portfolio,3.00,2.86,2.92,2,D+,1,A,1,B,1,C+,1,B+,1,B,2
A713,F,ภาควิชาวิศวกรรมไฟฟ้า,TCAS1 Portfolio,3.44,3.68,3.63,2,B+,1,A,1,B+,1,C+,1,B+,1,C+,1
A714,F,ภาควิชาวิศวกรรมเหมืองแร่และปิโตรเลียม,TCAS1 Portfolio,2.56,2.88,2.87,2,C+,1,A,1,C+,1,C,1,B,1,A,1
A715,M,ภาควิชาวิศวกรรมอุตสาหการ,TCAS1 Portfolio,3.26,3.42,3.35,2,A,1,A,1,B+,1,B,1,B+,1,B+,1
A716,M,ภาควิชาวิศวกรรมไฟฟ้า,TCAS1 Portfolio,3.26,3.71,3.50,2,A,1,A,1,A,1,B,1,B+,1,B,1
A717,M,ภาควิชาวิศวกรรมเครื่องกล,TCAS1 Portfolio,3.35,3.79,3.58,2,A,1,A,1,A,1,B,1,B+,1,C+,1
A718,M,ภาควิชาวิศวกรรมเครื่องกล,TCAS1 Portfolio,2.56,3.03,2.67,2,B+,1,B+,1,B+,1,C,1,B+,1,C,1
A719,F,ภาควิชาวิศวกรรมอุตสาหการ,TCAS1 Portfolio,2.82,3.21,3.03,2,A,1,A,1,B+,1,B,1,B+,1,C+,1
A720,M,ภาควิชาวิศวกรรมคอมพิวเตอร์,TCAS1 Portfolio,3.44,3.76,3.61,2,A,1,A,1,B+,1,B,1,B+,1,B+,1
A721,M,ภาควิชาวิศวกรรมคอมพิวเตอร์,TCAS1 Portfolio,3.71,4.00,3.88,2,A,1,A,1,A,1,B+,1,B+,1,A,1
A722,F,ภาควิชาวิศวกรรมเครื่องกล,TCAS1 Portfolio,2.24,2.38,2.19,2,D,2,A,1,B,1,B,1,A,1,D,1
A723,M,ภาควิชาวิศวกรรมอุตสาหการ,TCAS1 Portfolio,3.21,3.61,3.42,2,A,1,A,1,B+,1,C+,1,A,1,A,1
A724,F,ภาควิชาวิศวกรรมโลหการ,TCAS1 Portfolio,2.32,2.38,2.53,2,D,2,A,1,C+,1,D+,1,B,1,C,1
A725,F,ภาควิชาวิศวกรรมคอมพิวเตอร์,TCAS1 Portfolio,3.38,3.57,3.36,2,A,1,A,1,A,1,B,1,B+,1,A,1
A726,M,ภาควิชาวิศวกรรมเครื่องกล,TCAS1 Portfolio,2.38,3.11,2.76,2,B+,1,A,1,C+,1,D+,1,B,1,C+,1
A727,M,ภาควิชาวิศวกรรมสำรวจ,TCAS1 Portfolio,2.14,2.73,2.58,2,C,1,A,1,C+,1,C,1,B,1,B,1
A728,M,ภาควิชาวิศวกรรมเครื่องกล,TCAS1 Portfolio,3.56,3.45,3.50,2,C+,1,A,1,A,1,A,1,A,1,B,1
A729,M,ภาควิชาวิศวกรรมเครื่องกล,TCAS1 Portfolio,3.53,3.68,3.61,2,B,1,A,1,B+,1,B+,1,B+,1,C,1
A730,M,ภาควิชาวิศวกรรมโยธา,TCAS1 Portfolio,2.06,2.20,2.17,2,D+,1,A,1,C,1,C,1,B,1,C+,2
A731,M,ภาควิชาวิศวกรรมคอมพิวเตอร์,TCAS1 Portfolio,3.91,4.00,3.96,2,A,1,A,1,A,1,A,1,A,1,B+,1
A732,F,ภาควิชาวิศวกรรมสำรวจ,TCAS1 Portfolio,2.32,2.61,2.70,2,C+,1,A,1,C+,1,C+,1,B,1,C,2
A733,M,ภาควิชาวิศวกรรมไฟฟ้า,TCAS1 Portfolio,3.11,3.05,3.17,2,D+,1,A,1,B+,1,C+,1,B+,1,B,2
A734,M,ภาควิชาวิศวกรรมโยธา,TCAS1 Portfolio,2.79,2.27,2.47,2,D+,1,A,1,B,1,B,1,B+,1,C,2
A735,F,ภาควิชาวิศวกรรมโยธา,TCAS1 Portfolio,2.35,2.58,2.47,2,D,1,A,1,B,1,C,1,B,1,C+,1
A736,F,ภาควิชาวิศวกรรมสิ่งแวดล้อม,TCAS1 Portfolio,2.15,3.23,2.68,2,A,1,A,1,C,1,D+,1,C+,1,C+,1
A737,M,ภาควิชาวิศวกรรมไฟฟ้า,TCAS1 Portfolio,3.65,3.79,3.72,2,A,1,A,1,A,1,A,1,A,1,C+,1
A738,F,ภาควิชาวิศวกรรมอุตสาหการ,TCAS1 Portfolio,3.47,3.68,3.58,2,B+,1,A,1,A,1,B+,1,A,1,B,1
A739,M,ภาควิชาวิศวกรรมโยธา,TCAS1 Portfolio,1.88,2.87,2.40,2,D+,1,A,1,B,1,D,1,B,1,D,1
A740,M,ภาควิชาวิศวกรรมคอมพิวเตอร์,TCAS1 Portfolio,4.00,4.00,4.00,2,A,1,A,1,A,1,A,1,A,1,A,1
A741,M,ภาควิชาวิศวกรรมสิ่งแวดล้อม,TCAS1 Portfolio,1.65,2.34,1.98,2,C,1,A,1,D,1,D,1,B+,1,C,2
A742,M,ภาควิชาวิศวกรรมคอมพิวเตอร์,TCAS1 Portfolio,3.91,3.58,3.76,2,A,1,A,1,B+,1,B+,1,A,1,A,1
A743,M,ภาควิชาวิศวกรรมไฟฟ้า,TCAS1 Portfolio,3.38,3.37,3.38,2,A,1,A,1,B,1,B,1,A,1,B,1
A744,F,ภาควิชาวิศวกรรมเคมี,TCAS1 Portfolio,1.89,2.26,2.11,2,D,1,A,1,B,1,D+,1,B+,1,D+,2
A745,M,ภาควิชาวิศวกรรมไฟฟ้า,TCAS1 Portfolio,3.00,3.03,3.01,2,C+,1,A,1,B+,1,C+,1,B+,1,A,1
A746,F,ภาควิชาวิศวกรรมอุตสาหการ,TCAS1 Portfolio,3.26,3.76,3.53,2,A,1,A,1,B+,1,C+,1,B+,1,B,1
A747,M,ภาควิชาวิศวกรรมโลหการ,TCAS1 Portfolio,1.54,2.53,2.13,2,W,1,A,1,D,1,D+,1,B+,1,W,1
A748,M,ภาควิชาวิศวกรรมเหมืองแร่และปิโตรเลียม,TCAS1 Portfolio,1.00,2.85,2.40,2,W,1,A,1,D+,1,D,1,C+,1,W,1
A749,F,ภาควิชาวิศวกรรมนิวเคลียร์,TCAS1 Portfolio,2.18,2.00,2.08,2,D,1,A,1,C,1,D+,1,C,1,C,1
A750,M,ภาควิชาวิศวกรรมโยธา,TCAS1 Portfolio,2.21,2.16,2.40,2,W,1,A,1,D,1,C,1,B,1,C,2
A751,F,ภาควิชาวิศวกรรมโลหการ,TCAS1 Portfolio,1.35,2.19,1.99,2,D,1,A,1,C+,1,D,1,B,1,D+,1
A752,M,ภาควิชาวิศวกรรมอุตสาหการ,TCAS1 Portfolio,3.00,3.50,3.26,2,A,1,A,1,B+,1,C+,1,B+,1,B+,1
A753,M,ภาควิชาวิศวกรรมเหมืองแร่และปิโตรเลียม,TCAS1 Portfolio,0.50,3.05,2.17,2,W,1,A,1,W,1,W,2,C,1,W,1
A754,M,ภาควิชาวิศวกรรมอุตสาหการ,TCAS1 Portfolio,2.91,3.42,3.18,2,B+,1,A,1,B+,1,C+,1,B+,1,C+,1
A755,M,ภาควิชาวิศวกรรมคอมพิวเตอร์,TCAS1 Portfolio,3.71,3.92,3.85,2,A,1,A,1,A,1,A,1,B+,1,B,1
A756,F,ภาควิชาวิศวกรรมโลหการ,TCAS1 Portfolio,1.59,2.75,2.55,2,D,1,A,1,C,1,D+,1,B,1,W,1
A757,F,ไม่สังกัดภาควิชา/เทียบเท่า,TCAS1 Portfolio,1.44,1.13,1.23,2,W,1,C,1,D,1,D,1,B,1,D,2
A758,M,ภาควิชาวิศวกรรมเคมี,TCAS1 Portfolio,2.75,2.63,2.71,2,D+,1,A,1,A,1,B+,1,B+,1,C,1
A759,M,ภาควิชาวิศวกรรมสิ่งแวดล้อม,TCAS1 Portfolio,2.09,2.89,2.51,2,C+,1,B,1,B+,1,C,1,B,1,C+,1
A760,M,ภาควิชาวิศวกรรมอุตสาหการ,TCAS1 Portfolio,3.12,3.50,3.32,2,B+,1,A,1,A,1,B,1,A,1,C+,1
A761,M,ภาควิชาวิศวกรรมโยธา,TCAS1 Portfolio,1.88,2.34,2.13,2,C+,1,A,1,D,1,D+,1,B,1,B,1
